abhishek,abhishek123,abhishek@gmail.com,Cardiologist,1000
ashok,ashok123,ashok@gmail.com,General,500
arun,arun123,arun@gmail.com,Cardiologist,600
Dinesh,dinesh123,dinesh@gmail.com,General,700
Ganesh,ganesh123,ganesh@gmail.com,Pediatrician,550
Kumar,kumar123,kumar@gmail.com,Pediatrician,800
Amit,amit123,amit@gmail.com,Cardiologist,1000
Abbis,abbis123,abbis@gmail.com,Neurologist,1500
Tiwary,tiwary123,tiwary@gmail.com,Pediatrician,450
nisha,nisha123,nisha@gmail.com,General,600
Achal,Achal123,achal@gmail.com,Cardiologist,750
agarwal,Agarwal123,agarwal@gmail.com,General,800
pranav,pranav123,pranav@gmail.com,Pediatrician,1000
sumit,sumit123,sumit@gmail.com,Pediatrician,950
satyendra,satyendra123,satyendra@gmail.com,Cardiologist,500
yadvendra,yadvendra123,yadvendra@gmail.com,Neurologist,650
amardeep,amardeep123,amardeep@gmail.com,Pediatrician,350
harjeet,harjeet123,harjeet@gmail.com,General,560
puneet,puneet123,puneet@gmail.com,Cardiologist,300
sanjay,sanjay123,sanjay@gmail.com,General,400
chandak,chandak123,chandak@gmail.com,Pediatrician,500
mayank,mayank123,mayank@gmail.com,Pediatrician,850
basant,basant123,basant@gmail.com,Cardiologist,450
neha,neha123,neha@gmail.com,Neurologist,900
chaurasia,chaurasia123,chaurasia@gmail.com,Pediatrician,1000
naresh,naresh123,naresh@gmail.com,General,1200
usha,usha123,usha@gmail.com,Cardiologist,700
santosh,santosh123,santosh@gmail.com,General,500
shilpi,shilpi123,shilpi@gmail.com,Pediatrician,600
shobhit,shobhit123,shobhit@gmail.com,Pediatrician,400
sunil,sunil123,sunil@gmail.com,Cardiologist,700
biswaroop,biswaroop123,biswaroop@gmail.com,Neurologist,450
anuradha,anuradha123,anuradha@gmail.com,Pediatrician,800
balkrishna,balkrishna123,balkrishna@gmail.com,General,1000
nitin,nitin123,nitin@gmail.com,Cardiologist,1500
priyanka,priyanka123,priyanka@gmail.com,General,750
pragya,pragya123,pragya@gmail.com,Pediatrician,700
rajesh,rajesh123,rajesh@gmail.com,Pediatrician,650
shikha,shikha123,shikha@gmail.com,Cardiologist,500
vipin,vipin123,vipin@gmail.com,Neurologist,1000
vijaykant,vijaykant123,vijaykant@gmail.com,Pediatrician,400
sudhanshu,sudhanshu123,sudhanshu@gmail.com,General,500
sushil,sushil123,sushil@gmail.com,Cardiologist,700
manish,manish123,manish@gmail.com,General,1000
sushma,sushma123,sushma@gmail.com,Pediatrician,800
eshan,eshan123,eshan@gmail.com,Pediatrician,500
robin,robin123,robin@gmail.com,Cardiologist,1500
taranjeet,taranjeet123,taranjeet@gmail.com,Neurologist,500
anshul,anshul123,anshul@gmail.com,Pediatrician,600
ashish,ashish123,ashish@gmail.com,General,600
richa,richa123,richa@gmail.com,Cardiologist,600
pankaj,pankaj123,pankaj@gmail.com,General,600
vandana,vandana123,vandana@gmail.com,Pediatrician,700
vineet,vineet123,vineet@gmail.com,Pediatrician,1000
ram,ram123,ram@gmail.com,Cardiologist,2000
abhinandan,abhinandan123,abhinandan@gmail.com,Neurologist,1000
arpit,arpit123,arpit@gmail.com,Pediatrician,600
mudit,mudit123,mudit@gmail.com,General,700
piyush,piyush123,piyush@gmail.com,Cardiologist,700
rajeshwari,rajeshwari123,rajeshwari@gmail.com,General,500
rajeshwar,rajeshwar123,rajeshwar@gmail.com,Pediatrician,800
jandial,jandial123,jandial@gmail.com,Pediatrician,760
bramhanand,bramhanand123,bramhanand@gmail.com,Cardiologist,1200
brajesh,brajesh123,brajesh@gmail.com,Neurologist,500
navin,navin123,navin@gmail.com,Pediatrician,800
ketki,ketki123,ketki@gmail.com,General,500
khan,khan123,khan@gmail.com,Cardiologist,400
khare,khare123,khare@gmail.com,General,1000
jigyasa,jigyasa123,jigyasa@gmail.com,Pediatrician,600
pradeep,pradeep123,pradeep@gmail.com,Pediatrician,800
himanshu,himanshu123,himanshu@gmail.com,Cardiologist,700
vishambhar,vishambhar123,vishambhar@gmail.com,Neurologist,600
roopa,roopa123,roopa@gmail.com,Pediatrician,700
rakhma,rakhma123,rakhma@gmail.com,General,600
mandwe,mandwe123,mandwe@gmail.com,Cardiologist,700
seema,seema123,seema@gmail.com,General,800
mishra,mishra123,mishra@gmail.com,Pediatrician,750
anamika,anamika123,anamika@gmail.com,Pediatrician,800
anup,anup123,anup@gmail.com,Cardiologist,600
prateek,prateek123,prateek@gmail.com,Neurologist,700
sanjeevani,sanjeevani123,sanjeevani@gmail.com,Pediatrician,1000
vishal,vishal123,vishal@gmail.com,Pediatrician,1500
misra,misra123,misra@gmail.com,Cardiologist,500
akhilesh,akhilesh123,akhilesh@gmail.com,Neurologist,650
nema,nema123,nema@gmail.com,Pediatrician,1500
nigam,nigam123,nigam@gmail.com,General,500
uma,uma123,uma@gmail.com,Cardiologist,800
aparajita,aparajita123,aparajita@gmail.com,General,1000
priyamvada,priyamvada123,priyamvada@gmail.com,Pediatrician,1000
ramesh,ramesh123,ramesh@gmail.com,Pediatrician,700
kailash,kailash123,kailash@gmail.com,Cardiologist,2000
sarita,sarita123,sarita@gmail.com,Neurologist,900
rinshu,rinshu123,rinshu@gmail.com,Pediatrician,500
sanjana,sanjana123,sanjana@gmail.com,General,400
prateeksha,prateeksha123,prateeksha@gmail.com,Cardiologist,1000
krishna,krishna123,krishna@gmail.com,General,500
prajapati,prajapati123,prajapati@gmail.com,Pediatrician,560
anil,anil123,anil@gmail.com,Pediatrician,650
mangesh,mangesh123,mangesh@gmail.com,Cardiologist,1500
pushpraj,pushpraj123,pushpraj@gmail.com,Neurologist,1200
sanyog,sanyog123,sanyog@gmail.com,Pediatrician,450
