1,Sanket,Thorat,Male,sanket@gmail.com,7854630739,sanket123,sanket123
2,Ram,Kumar,Male,ram@gmail.com,9876543210,ram123,ram123
3,Alia,Bhatt,Female,alia@gmail.com,8976897689,alia123,alia123
4,Shahrukh,khan,Male,shahrukh@gmail.com,8976898463,shahrukh123,shahrukh123
5,Kishan,Lal,Male,kishansmart0@gmail.com,8838489464,kishan123,kishan123
6,Gautam,Shankararam,Male,gautam@gmail.com,9070897653,gautam123,gautam123
7,Sushant,Singh,Male,sushant@gmail.com,9059986865,sushant123,sushant123
8,Nancy,Deborah,Female,nancy@gmail.com,9128972454,nancy123,nancy123
9,Kenny,Sebastian,Male,kenny@gmail.com,9809879868,kenny123,kenny123
10,William,Blake,Male,william@gmail.com,8683619153,william123,william123
11,Peter,Norvig,Male,peter@gmail.com,9609362815,peter123,peter123
12,Shraddha,Kapoor,Female,shraddha@gmail.com,9768946252,shraddha123,shraddha123
13,Sakshi,Gawade,Female,sakshi@gmail.com,7685808904,Sakshi123,Sakshi123
14,Mathias,O'Carmody,Male,mathias@gmail.com,7049277222,Mathias123,Mathias123
15,Trenna,Furneaux,Female,trenna@gmail.com,8481675530,Trenna123,Trenna123
16,Herold,Methven,Male,herold@gmail.com,9984731228,Herold123,Herold123
17,Leicester,Lammin,Male,leicester@gmail.com,7819790278,Leicester123,Leicester123
18,Gillian,Filipson,Female,gillian@gmail.com,7016964992,Gillian123,Gillian123
19,Zachery,Longland,Bigender,zachery@gmail.com,9342361666,Zachery123,Zachery123
20,Dmitri,Collinson,Genderfluid,dmitri@gmail.com,8097237472,Dmitri123,Dmitri123
21,Prudy,Petican,Female,prudy@gmail.com,9693840034,Prudy123,Prudy123
22,Maisey,Trime,Female,maisey@gmail.com,7542824571,Maisey123,Maisey123
23,Corissa,Ouldcott,Female,corissa@gmail.com,8124521788,Corissa123,Corissa123
24,Arney,Leffek,Male,arney@gmail.com,8156311449,Arney123,Arney123
25,Wyndham,Soulsby,Male,wyndham@gmail.com,9805216280,Wyndham123,Wyndham123
26,Gisela,Goldstone,Female,gisela@gmail.com,8433256495,Gisela123,Gisela123
27,Maybelle,Shetliff,Female,maybelle@gmail.com,7654117269,Maybelle123,Maybelle123
28,Ginelle,Ludee,Female,ginelle@gmail.com,8848966326,Ginelle123,Ginelle123
29,Cointon,Crumby,Male,cointon@gmail.com,7075602393,Cointon123,Cointon123
30,Aldus,Ketts,Male,aldus@gmail.com,9888277389,Aldus123,Aldus123
31,Anatol,Germann,Male,anatol@gmail.com,9925996593,Anatol123,Anatol123
32,Brennen,Groom,Male,brennen@gmail.com,8584692346,Brennen123,Brennen123
33,Thebault,Gilchrist,Male,thebault@gmail.com,7459915689,Thebault123,Thebault123
34,Fredericka,Mc Caughen,Female,fredericka@gmail.com,7468422628,Fredericka123,Fredericka123
35,August,Watkiss,Male,august@gmail.com,9552380676,August123,August123
36,Darren,Argo,Male,darren@gmail.com,9913841064,Darren123,Darren123
37,Hester,Ogelbe,Female,hester@gmail.com,7263754190,Hester123,Hester123
38,Skip,Saylor,Genderfluid,skip@gmail.com,8164643893,Skip123,Skip123
39,Barclay,Knibley,Male,barclay@gmail.com,7620079101,Barclay123,Barclay123
40,Valli,Upward,Female,valli@gmail.com,9830323148,Valli123,Valli123
41,Rochell,O' Flaherty,Female,rochell@gmail.com,8006076966,Rochell123,Rochell123
42,Nelia,Rizzello,Female,nelia@gmail.com,8790705480,Nelia123,Nelia123
43,Jules,Winpenny,Male,jules@gmail.com,8055890093,Jules123,Jules123
44,Vincents,Hurnell,Male,vincents@gmail.com,9544940555,Vincents123,Vincents123
45,Corly,Bailes,Female,corly@gmail.com,8809147380,Corly123,Corly123
46,Margeaux,Gipp,Female,margeaux@gmail.com,8739086950,Margeaux123,Margeaux123
47,Bianka,McPhilip,Female,bianka@gmail.com,7346750178,Bianka123,Bianka123
48,Hedi,Newport,Female,hedi@gmail.com,7511297304,Hedi123,Hedi123
49,Kerstin,Coucher,Female,kerstin@gmail.com,7806142543,Kerstin123,Kerstin123
50,Dominique,Klug,Bigender,dominique@gmail.com,8308609967,Dominique123,Dominique123
51,Duke,Jirik,Male,duke@gmail.com,7419391053,Duke123,Duke123
52,Ruthe,Tranckle,Female,ruthe@gmail.com,8194569068,Ruthe123,Ruthe123
53,Lisabeth,Pidduck,Non-binary,lisabeth@gmail.com,8939760709,Lisabeth123,Lisabeth123
54,Aggi,Sisson,Female,aggi@gmail.com,7156390160,Aggi123,Aggi123
55,Cazzie,Northfield,Genderqueer,cazzie@gmail.com,9007251716,Cazzie123,Cazzie123
56,Ramon,Dulanty,Male,ramon@gmail.com,8954880502,Ramon123,Ramon123
57,Alexei,Lehrmann,Male,alexei@gmail.com,9040404381,Alexei123,Alexei123
58,Colman,Sharple,Male,colman@gmail.com,9491708621,Colman123,Colman123
59,Malissa,Thrift,Female,malissa@gmail.com,8598630745,Malissa123,Malissa123
60,Nicolais,Kimber,Male,nicolais@gmail.com,9533925402,Nicolais123,Nicolais123
61,Crosby,Nettle,Male,crosby@gmail.com,7298988068,Crosby123,Crosby123
62,Gizela,Knapper,Female,gizela@gmail.com,7742100807,Gizela123,Gizela123
63,Byram,Binner,Male,byram@gmail.com,8909575871,Byram123,Byram123
64,Jose,Lawrenceson,Male,jose@gmail.com,7450653405,Jose123,Jose123
65,Blinnie,Flemyng,Genderqueer,blinnie@gmail.com,9168319930,Blinnie123,Blinnie123
66,Marietta,Smalridge,Male,marietta@gmail.com,7186790036,Marietta123,Marietta123
67,Lon,Kinningley,Male,lon@gmail.com,7521666707,Lon123,Lon123
68,Billie,Curthoys,Male,billie@gmail.com,9037514860,Billie123,Billie123
69,Toby,Probate,Female,toby@gmail.com,7253783923,Toby123,Toby123
70,Julita,Thrasher,Female,julita@gmail.com,7052416140,Julita123,Julita123
71,Toni,O'Leary,Female,toni@gmail.com,9821364998,Toni123,Toni123
72,Hynda,Cerro,Female,hynda@gmail.com,7128888662,Hynda123,Hynda123
73,Alleyn,Pantridge,Non-binary,alleyn@gmail.com,8589639362,Alleyn123,Alleyn123
74,Tiphanie,Heam,Female,tiphanie@gmail.com,7968282273,Tiphanie123,Tiphanie123
75,Lani,Riggott,Female,lani@gmail.com,9839981816,Lani123,Lani123
76,Phil,Bisley,Male,phil@gmail.com,8700201112,Phil123,Phil123
77,Jacinta,Bleaden,Female,jacinta@gmail.com,7355242245,Jacinta123,Jacinta123
78,Stacee,Dullard,Male,stacee@gmail.com,7837425526,Stacee123,Stacee123
79,Barnett,Scheffler,Male,barnett@gmail.com,9620702459,Barnett123,Barnett123
80,Boote,Sterling,Male,boote@gmail.com,9436043075,Boote123,Boote123
81,Selina,Bendan,Female,selina@gmail.com,7130945346,Selina123,Selina123
82,Candie,Darthe,Female,candie@gmail.com,7513161422,Candie123,Candie123
83,Hali,Ollerhead,Female,hali@gmail.com,7411436341,Hali123,Hali123
84,Rickie,Barbary,Male,rickie@gmail.com,8398776460,Rickie123,Rickie123
85,Dunn,Necrews,Male,dunn@gmail.com,8852755397,Dunn123,Dunn123
86,Faun,Stote,Female,faun@gmail.com,7589987391,Faun123,Faun123
87,Gery,McRavey,Male,gery@gmail.com,8942751449,Gery123,Gery123
88,Juditha,Treswell,Female,juditha@gmail.com,7685663593,Juditha123,Juditha123
89,Sid,Frangleton,Male,sid@gmail.com,9850768718,Sid123,Sid123
90,Ricard,Felderer,Male,ricard@gmail.com,7559378917,Ricard123,Ricard123
91,Evelyn,Croxley,Female,evelyn@gmail.com,9797699548,Evelyn123,Evelyn123
92,Gherardo,Ielden,Male,gherardo@gmail.com,7436004016,Gherardo123,Gherardo123
93,Dorry,Greiser,Female,dorry@gmail.com,8617112389,Dorry123,Dorry123
94,Leeland,Kinzett,Male,leeland@gmail.com,8824526410,Leeland123,Leeland123
95,Tasha,Hickinbottom,Female,tasha@gmail.com,8113701365,Tasha123,Tasha123
96,Nicolle,Benedick,Non-binary,nicolle@gmail.com,8257092104,Nicolle123,Nicolle123
97,Vern,Le Clercq,Male,vern@gmail.com,8021281171,Vern123,Vern123
98,Jerald,Curtiss,Bigender,jerald@gmail.com,7916890410,Jerald123,Jerald123
99,Noella,Halpine,Female,noella@gmail.com,9439166122,Noella123,Noella123
100,Conni,Gonzalez,Bigender,conni@gmail.com,8346770765,Conni123,Conni123
101,Abagail,Sotworth,Bigender,abagail@gmail.com,7842187415,Abagail123,Abagail123
102,Kimberley,Paddefield,Female,kimberley@gmail.com,8354873790,Kimberley123,Kimberley123
103,Carrol,Ehlerding,Male,carrol@gmail.com,9147960351,Carrol123,Carrol123
104,Reyna,Tezure,Female,reyna@gmail.com,8003717299,Reyna123,Reyna123
105,Karon,Danielkiewicz,Agender,karon@gmail.com,7303066987,Karon123,Karon123
106,Coop,Antosik,Male,coop@gmail.com,9841166264,Coop123,Coop123
107,Yolanthe,Caunter,Female,yolanthe@gmail.com,7141469882,Yolanthe123,Yolanthe123
108,Tybalt,Durak,Male,tybalt@gmail.com,9610184370,Tybalt123,Tybalt123
109,Tally,Dowd,Male,tally@gmail.com,7447013030,Tally123,Tally123
110,Crissie,Rosewell,Female,crissie@gmail.com,8170903750,Crissie123,Crissie123
111,Ronnica,Lievesley,Female,ronnica@gmail.com,9814579264,Ronnica123,Ronnica123
112,Myrilla,Verralls,Female,myrilla@gmail.com,7947574013,Myrilla123,Myrilla123
113,Johna,Stores,Female,johna@gmail.com,7528906895,Johna123,Johna123
114,Eudora,McArdle,Female,eudora@gmail.com,8944814171,Eudora123,Eudora123
115,Kathy,Ranklin,Female,kathy@gmail.com,7352648293,Kathy123,Kathy123
116,Myron,Dafter,Male,myron@gmail.com,9122922578,Myron123,Myron123
117,Clarke,Revance,Male,clarke@gmail.com,9467171302,Clarke123,Clarke123
118,Fayina,Stansbie,Female,fayina@gmail.com,9455596449,Fayina123,Fayina123
119,Olly,Stonebanks,Genderqueer,olly@gmail.com,9575100636,Olly123,Olly123
120,Sayres,Dymocke,Male,sayres@gmail.com,8826283601,Sayres123,Sayres123
121,Kerwinn,Lippitt,Male,kerwinn@gmail.com,9969490770,Kerwinn123,Kerwinn123
122,Inga,Wardrop,Genderqueer,inga@gmail.com,7526220724,Inga123,Inga123
123,Vivia,Frye,Female,vivia@gmail.com,7146617330,Vivia123,Vivia123
124,Town,Keward,Male,town@gmail.com,8771339434,Town123,Town123
125,Kimberly,Scamwell,Female,kimberly@gmail.com,9873921713,Kimberly123,Kimberly123
126,Cheston,Hayhoe,Male,cheston@gmail.com,9223958185,Cheston123,Cheston123
127,Gherardo,Josefsson,Male,gherardo@gmail.com,9682984484,Gherardo123,Gherardo123
128,Esther,Hourston,Female,esther@gmail.com,7455601464,Esther123,Esther123
129,Giovanna,Ponter,Female,giovanna@gmail.com,9113142770,Giovanna123,Giovanna123
130,Hilary,Vasyutkin,Female,hilary@gmail.com,7602867069,Hilary123,Hilary123
131,Darice,Dooley,Female,darice@gmail.com,7974577638,Darice123,Darice123
132,Bordy,Coker,Male,bordy@gmail.com,8356405622,Bordy123,Bordy123
133,Suzanne,Jumont,Female,suzanne@gmail.com,9369688286,Suzanne123,Suzanne123
134,Kimberlyn,Fleischer,Female,kimberlyn@gmail.com,7690629030,Kimberlyn123,Kimberlyn123
135,Milli,Langabeer,Female,milli@gmail.com,7955799305,Milli123,Milli123
136,Agnese,Cridge,Female,agnese@gmail.com,7945080726,Agnese123,Agnese123
137,Lorette,Yele,Female,lorette@gmail.com,7588851774,Lorette123,Lorette123
138,Jaclin,Heady,Female,jaclin@gmail.com,9588862389,Jaclin123,Jaclin123
139,Dianemarie,Paule,Female,dianemarie@gmail.com,7254734813,Dianemarie123,Dianemarie123
140,Lottie,Enderby,Female,lottie@gmail.com,7077368842,Lottie123,Lottie123
141,Coleman,Lathey,Male,coleman@gmail.com,8601563056,Coleman123,Coleman123
142,Dav,Fretson,Bigender,dav@gmail.com,9211425232,Dav123,Dav123
143,Griffin,Addionisio,Genderfluid,griffin@gmail.com,9433735628,Griffin123,Griffin123
144,Ansell,Goodey,Male,ansell@gmail.com,8907666313,Ansell123,Ansell123
145,Verla,Zoppo,Female,verla@gmail.com,7857963202,Verla123,Verla123
146,Brod,Bulpitt,Male,brod@gmail.com,8737158321,Brod123,Brod123
147,Luce,Prigmore,Male,luce@gmail.com,7918825994,Luce123,Luce123
148,Winnie,Lowery,Male,winnie@gmail.com,7908667788,Winnie123,Winnie123
149,Bram,Newlands,Male,bram@gmail.com,8635106414,Bram123,Bram123
150,Robbert,Poulgreen,Male,robbert@gmail.com,8863259952,Robbert123,Robbert123
151,Xenos,Errichiello,Male,xenos@gmail.com,9822821207,Xenos123,Xenos123
152,Durant,Krale,Male,durant@gmail.com,8475661267,Durant123,Durant123
153,Noel,McOmish,Genderqueer,noel@gmail.com,8453200625,Noel123,Noel123
154,Merry,Syder,Male,merry@gmail.com,7923004287,Merry123,Merry123
155,Foster,Coughtrey,Male,foster@gmail.com,8596659225,Foster123,Foster123
156,Haroun,Casemore,Male,haroun@gmail.com,8797437681,Haroun123,Haroun123
157,Miguelita,Sears,Female,miguelita@gmail.com,9512147281,Miguelita123,Miguelita123
158,Hanan,Hucknall,Male,hanan@gmail.com,9083215454,Hanan123,Hanan123
159,Caron,Darwin,Female,caron@gmail.com,7758444237,Caron123,Caron123
160,Maggi,Keig,Female,maggi@gmail.com,7875816239,Maggi123,Maggi123
161,Constancia,Skechley,Female,constancia@gmail.com,7862871445,Constancia123,Constancia123
162,Krishna,Valsler,Male,krishna@gmail.com,9554578971,Krishna123,Krishna123
163,Gay,Mocher,Male,gay@gmail.com,9679993998,Gay123,Gay123
164,Stormie,Vasyuchov,Female,stormie@gmail.com,9247313708,Stormie123,Stormie123
165,Nev,Isgate,Genderfluid,nev@gmail.com,9889499694,Nev123,Nev123
166,Lyndsay,Sighard,Female,lyndsay@gmail.com,9883098598,Lyndsay123,Lyndsay123
167,Wren,Roalfe,Female,wren@gmail.com,9594786827,Wren123,Wren123
168,Constantine,Ferrulli,Female,constantine@gmail.com,8779680748,Constantine123,Constantine123
169,Elinor,Sifflett,Female,elinor@gmail.com,8629480494,Elinor123,Elinor123
170,Myrlene,Haysham,Female,myrlene@gmail.com,7347447477,Myrlene123,Myrlene123
171,Barris,Ivers,Male,barris@gmail.com,7467693254,Barris123,Barris123
172,Casandra,Furmage,Genderfluid,casandra@gmail.com,7570874727,Casandra123,Casandra123
173,Yettie,Enocksson,Female,yettie@gmail.com,8404601553,Yettie123,Yettie123
174,Julie,Lickess,Female,julie@gmail.com,7889720784,Julie123,Julie123
175,Berrie,Ondrich,Female,berrie@gmail.com,9800695374,Berrie123,Berrie123
176,Prentiss,Danilyak,Male,prentiss@gmail.com,7668666072,Prentiss123,Prentiss123
177,Demetris,Burchatt,Male,demetris@gmail.com,8627122165,Demetris123,Demetris123
178,Beale,Nowill,Male,beale@gmail.com,9344640514,Beale123,Beale123
179,Manny,Wichard,Polygender,manny@gmail.com,8035921169,Manny123,Manny123
180,Maisey,Verheijden,Non-binary,maisey@gmail.com,9971761744,Maisey123,Maisey123
181,Cybil,Wardale,Female,cybil@gmail.com,9513909275,Cybil123,Cybil123
182,Lay,Firman,Male,lay@gmail.com,8616702608,Lay123,Lay123
183,Jamill,Antrag,Male,jamill@gmail.com,9465435152,Jamill123,Jamill123
184,Carola,Edger,Female,carola@gmail.com,9857197776,Carola123,Carola123
185,Fredric,Parkisson,Male,fredric@gmail.com,9732730774,Fredric123,Fredric123
186,Wanids,Burtt,Female,wanids@gmail.com,8734875012,Wanids123,Wanids123
187,Frieda,Lund,Female,frieda@gmail.com,9743471132,Frieda123,Frieda123
188,Cherish,Loutheane,Female,cherish@gmail.com,9464913992,Cherish123,Cherish123
189,Ailyn,Goodbody,Female,ailyn@gmail.com,7522663777,Ailyn123,Ailyn123
190,Jonie,Gillman,Genderfluid,jonie@gmail.com,7916075253,Jonie123,Jonie123
191,Amery,Marcum,Male,amery@gmail.com,9500224966,Amery123,Amery123
192,Bernadina,Duchant,Female,bernadina@gmail.com,7069631974,Bernadina123,Bernadina123
193,Lissie,Prestwich,Female,lissie@gmail.com,7485450854,Lissie123,Lissie123
194,Merwin,MacGovern,Male,merwin@gmail.com,8189488847,Merwin123,Merwin123
195,Lothaire,Dufoure,Genderqueer,lothaire@gmail.com,9568994123,Lothaire123,Lothaire123
196,Donovan,Lamp,Male,donovan@gmail.com,9826222767,Donovan123,Donovan123
197,Lura,Leyland,Female,lura@gmail.com,7879813511,Lura123,Lura123
198,Hal,Mosco,Male,hal@gmail.com,8593684164,Hal123,Hal123
199,Guendolen,Pipet,Female,guendolen@gmail.com,9545686094,Guendolen123,Guendolen123
200,Kahlil,Alliberton,Male,kahlil@gmail.com,8846146029,Kahlil123,Kahlil123
201,Aloysia,Corain,Female,aloysia@gmail.com,9087611720,Aloysia123,Aloysia123
202,Donielle,Derisley,Female,donielle@gmail.com,8019081494,Donielle123,Donielle123
203,Xever,Dinneen,Male,xever@gmail.com,8910266084,Xever123,Xever123
204,Emmye,Prazer,Bigender,emmye@gmail.com,7908605182,Emmye123,Emmye123
205,Pavlov,Mosdall,Male,pavlov@gmail.com,9603445817,Pavlov123,Pavlov123
206,Kaitlin,McAirt,Female,kaitlin@gmail.com,8663739684,Kaitlin123,Kaitlin123
207,Trent,Bootes,Male,trent@gmail.com,9073732565,Trent123,Trent123
208,Abbott,Sworn,Male,abbott@gmail.com,7885537922,Abbott123,Abbott123
209,Gunar,Goodall,Male,gunar@gmail.com,7026974973,Gunar123,Gunar123
210,Tamarra,Ezzell,Genderfluid,tamarra@gmail.com,8631387232,Tamarra123,Tamarra123
211,Burgess,Wigin,Male,burgess@gmail.com,7028020157,Burgess123,Burgess123
212,Cordy,Lowry,Female,cordy@gmail.com,9207548961,Cordy123,Cordy123
213,Lucais,Rhodus,Polygender,lucais@gmail.com,9746589924,Lucais123,Lucais123
214,Putnam,Harber,Male,putnam@gmail.com,7579970085,Putnam123,Putnam123
215,Janey,Prestidge,Female,janey@gmail.com,8363945907,Janey123,Janey123
216,Guillema,Edgworth,Female,guillema@gmail.com,9719565079,Guillema123,Guillema123
217,Douglas,Heeps,Male,douglas@gmail.com,9914466799,Douglas123,Douglas123
218,Bank,Byrom,Male,bank@gmail.com,9358070976,Bank123,Bank123
219,Sianna,Scamerden,Female,sianna@gmail.com,7484588367,Sianna123,Sianna123
220,Erik,Laste,Male,erik@gmail.com,8271636731,Erik123,Erik123
221,Eachelle,Colbeck,Female,eachelle@gmail.com,7520537385,Eachelle123,Eachelle123
222,Tab,Daugherty,Male,tab@gmail.com,8524303345,Tab123,Tab123
223,Silvain,Annetts,Male,silvain@gmail.com,9926751406,Silvain123,Silvain123
224,Minnnie,Boni,Female,minnnie@gmail.com,9167982738,Minnnie123,Minnnie123
225,Agneta,Minter,Female,agneta@gmail.com,9020409744,Agneta123,Agneta123
226,Galen,Coiley,Male,galen@gmail.com,8085538049,Galen123,Galen123
227,Fredericka,Collomosse,Female,fredericka@gmail.com,8562288792,Fredericka123,Fredericka123
228,Nellie,Faldo,Female,nellie@gmail.com,7547224360,Nellie123,Nellie123
229,Kylynn,Sickling,Female,kylynn@gmail.com,7000397470,Kylynn123,Kylynn123
230,Prentice,Stouther,Male,prentice@gmail.com,7909929846,Prentice123,Prentice123
231,Florence,Terram,Female,florence@gmail.com,8034679738,Florence123,Florence123
232,Allison,Antoniou,Female,allison@gmail.com,9274512897,Allison123,Allison123
233,Abelard,Beernt,Male,abelard@gmail.com,7878169046,Abelard123,Abelard123
234,Palm,Stemp,Male,palm@gmail.com,7450897590,Palm123,Palm123
235,Ozzie,Baccus,Genderqueer,ozzie@gmail.com,7877004199,Ozzie123,Ozzie123
236,Chevy,Hamley,Male,chevy@gmail.com,8979358398,Chevy123,Chevy123
237,Kelley,Ansett,Male,kelley@gmail.com,8013802005,Kelley123,Kelley123
238,Brandy,Fryett,Female,brandy@gmail.com,9928836685,Brandy123,Brandy123
239,Sinclair,Drinnan,Male,sinclair@gmail.com,9524255483,Sinclair123,Sinclair123
240,Brett,Betteson,Female,brett@gmail.com,9680548940,Brett123,Brett123
241,Baillie,Markey,Male,baillie@gmail.com,9780138221,Baillie123,Baillie123
242,Ines,Steeples,Female,ines@gmail.com,9695739519,Ines123,Ines123
243,Patsy,MacGill,Male,patsy@gmail.com,9524674974,Patsy123,Patsy123
244,Dorette,Alessandone,Female,dorette@gmail.com,9212416045,Dorette123,Dorette123
245,Jori,Thame,Female,jori@gmail.com,8123965172,Jori123,Jori123
246,Marion,Kimbury,Male,marion@gmail.com,8478859441,Marion123,Marion123
247,Simonne,Lillo,Female,simonne@gmail.com,7367064029,Simonne123,Simonne123
248,Rosa,Yegorchenkov,Non-binary,rosa@gmail.com,8906253178,Rosa123,Rosa123
249,Pam,Couttes,Female,pam@gmail.com,7751353254,Pam123,Pam123
250,Gib,Ducker,Male,gib@gmail.com,7217159708,Gib123,Gib123
251,Freida,Westberg,Female,freida@gmail.com,9492929590,Freida123,Freida123
252,Flin,Feighney,Male,flin@gmail.com,7308894021,Flin123,Flin123
253,Hasty,Reeves,Male,hasty@gmail.com,8589788181,Hasty123,Hasty123
254,Wayland,Bonevant,Male,wayland@gmail.com,7548196070,Wayland123,Wayland123
255,Lydie,Pocklington,Female,lydie@gmail.com,9551544602,Lydie123,Lydie123
256,Brice,Muckleston,Male,brice@gmail.com,8391877036,Brice123,Brice123
257,Simone,Francomb,Male,simone@gmail.com,8268258955,Simone123,Simone123
258,Hube,Ealles,Male,hube@gmail.com,8306103909,Hube123,Hube123
259,Star,Boule,Genderfluid,star@gmail.com,7672817250,Star123,Star123
260,Dallis,Bowyer,Male,dallis@gmail.com,7263347647,Dallis123,Dallis123
261,Tandy,Tofanini,Female,tandy@gmail.com,9823401068,Tandy123,Tandy123
262,Maridel,Lilleman,Female,maridel@gmail.com,7198918969,Maridel123,Maridel123
263,Lissi,Duckitt,Female,lissi@gmail.com,7394855292,Lissi123,Lissi123
264,Nana,Gallier,Female,nana@gmail.com,8191132462,Nana123,Nana123
265,Kesley,Delnevo,Female,kesley@gmail.com,8754645556,Kesley123,Kesley123
266,Cherye,Polin,Female,cherye@gmail.com,9284135153,Cherye123,Cherye123
267,Flossie,Ridgley,Female,flossie@gmail.com,7636134720,Flossie123,Flossie123
268,Leland,Powney,Female,leland@gmail.com,9062675192,Leland123,Leland123
269,Claybourne,Frammingham,Male,claybourne@gmail.com,7130993968,Claybourne123,Claybourne123
270,Eunice,McAlinion,Genderfluid,eunice@gmail.com,9231881647,Eunice123,Eunice123
271,Brady,Langstone,Male,brady@gmail.com,9797009788,Brady123,Brady123
272,Kelcie,Merington,Female,kelcie@gmail.com,7756602556,Kelcie123,Kelcie123
273,Donnie,Angeau,Male,donnie@gmail.com,8715152280,Donnie123,Donnie123
274,Matilde,Aspinal,Female,matilde@gmail.com,7161769584,Matilde123,Matilde123
275,Quintina,Johannes,Genderqueer,quintina@gmail.com,9042974864,Quintina123,Quintina123
276,Vaughn,Mulran,Male,vaughn@gmail.com,8360519234,Vaughn123,Vaughn123
277,Ekaterina,Heustice,Female,ekaterina@gmail.com,7944956644,Ekaterina123,Ekaterina123
278,Flossi,Ballance,Female,flossi@gmail.com,7585498713,Flossi123,Flossi123
279,Teresina,McKerrow,Female,teresina@gmail.com,9271666393,Teresina123,Teresina123
280,Padriac,Godlip,Male,padriac@gmail.com,9913447337,Padriac123,Padriac123
281,Patrizio,Durbridge,Male,patrizio@gmail.com,9059765556,Patrizio123,Patrizio123
282,Jameson,Fullbrook,Male,jameson@gmail.com,7641104986,Jameson123,Jameson123
283,Kermit,Windebank,Male,kermit@gmail.com,9221887346,Kermit123,Kermit123
284,Odey,Boddice,Male,odey@gmail.com,9118479063,Odey123,Odey123
285,Suzette,Langridge,Female,suzette@gmail.com,7286958954,Suzette123,Suzette123
286,Matti,Lineker,Female,matti@gmail.com,8504036456,Matti123,Matti123
287,Fredric,Meran,Male,fredric@gmail.com,8535087688,Fredric123,Fredric123
288,Jane,Warren,Female,jane@gmail.com,8636135382,Jane123,Jane123
289,Halli,Redsall,Female,halli@gmail.com,7971002598,Halli123,Halli123
290,Odille,Falck,Female,odille@gmail.com,7182847770,Odille123,Odille123
291,Thomasine,Booth-Jarvis,Bigender,thomasine@gmail.com,7523150748,Thomasine123,Thomasine123
292,Bailie,Clemintoni,Male,bailie@gmail.com,9500281723,Bailie123,Bailie123
293,Ellyn,Hallas,Female,ellyn@gmail.com,9562130807,Ellyn123,Ellyn123
294,Lucila,Ginnety,Agender,lucila@gmail.com,7988014297,Lucila123,Lucila123
295,Antonetta,Petz,Female,antonetta@gmail.com,8379575751,Antonetta123,Antonetta123
296,Kristin,Cellone,Female,kristin@gmail.com,8829805364,Kristin123,Kristin123
297,Durand,Dell Casa,Male,durand@gmail.com,8403710275,Durand123,Durand123
298,Zelda,Crosland,Non-binary,zelda@gmail.com,7731490557,Zelda123,Zelda123
299,Teresita,Portch,Female,teresita@gmail.com,9304874734,Teresita123,Teresita123
300,Hamlin,Mobius,Male,hamlin@gmail.com,9085676839,Hamlin123,Hamlin123
301,Daloris,McTrustie,Female,daloris@gmail.com,9041319943,Daloris123,Daloris123
302,Rodney,Scarf,Male,rodney@gmail.com,8022742186,Rodney123,Rodney123
303,Rubina,Terron,Female,rubina@gmail.com,8673333926,Rubina123,Rubina123
304,Devlen,McCaig,Male,devlen@gmail.com,8091550114,Devlen123,Devlen123
305,Archer,Laybourne,Male,archer@gmail.com,7708957396,Archer123,Archer123
306,Natty,Axford,Male,natty@gmail.com,7775149099,Natty123,Natty123
307,Kevyn,Lashley,Female,kevyn@gmail.com,8216585047,Kevyn123,Kevyn123
308,Ulrick,Wellbeloved,Male,ulrick@gmail.com,7112091494,Ulrick123,Ulrick123
309,Sargent,Flatley,Male,sargent@gmail.com,8021358914,Sargent123,Sargent123
310,Damaris,Dumigan,Female,damaris@gmail.com,8870524536,Damaris123,Damaris123
311,Christye,Dominelli,Female,christye@gmail.com,8070441643,Christye123,Christye123
312,Marylee,Shrimplin,Female,marylee@gmail.com,7418357972,Marylee123,Marylee123
313,Samantha,Gabbatt,Female,samantha@gmail.com,9521930388,Samantha123,Samantha123
314,Tabatha,Grayer,Female,tabatha@gmail.com,7969345579,Tabatha123,Tabatha123
315,Rene,Crooks,Male,rene@gmail.com,7111667933,Rene123,Rene123
316,Leigh,Haddleton,Female,leigh@gmail.com,9090851841,Leigh123,Leigh123
317,Dalia,Painter,Female,dalia@gmail.com,7355132158,Dalia123,Dalia123
318,Demetra,Pamphilon,Female,demetra@gmail.com,8297929182,Demetra123,Demetra123
319,Andy,Snalom,Female,andy@gmail.com,9238895148,Andy123,Andy123
320,Brandyn,Skipper,Male,brandyn@gmail.com,8497777214,Brandyn123,Brandyn123
321,Bibi,Rillatt,Female,bibi@gmail.com,8411972938,Bibi123,Bibi123
322,Aurthur,Papaminas,Male,aurthur@gmail.com,7362659064,Aurthur123,Aurthur123
323,Roshelle,Turtle,Female,roshelle@gmail.com,8815820499,Roshelle123,Roshelle123
324,Farlay,Sarge,Male,farlay@gmail.com,8089754491,Farlay123,Farlay123
325,Lilla,Muslim,Female,lilla@gmail.com,7246798621,Lilla123,Lilla123
326,Alard,DelaField,Male,alard@gmail.com,9916165963,Alard123,Alard123
327,Brod,Janu,Male,brod@gmail.com,7304604166,Brod123,Brod123
328,Kassandra,Potteridge,Female,kassandra@gmail.com,8366288040,Kassandra123,Kassandra123
329,Dukie,Corballis,Male,dukie@gmail.com,9669703434,Dukie123,Dukie123
330,Marius,Hirth,Male,marius@gmail.com,7161393361,Marius123,Marius123
331,Aristotle,Alexandrou,Male,aristotle@gmail.com,7956814020,Aristotle123,Aristotle123
332,Shepperd,Harmston,Male,shepperd@gmail.com,9618771659,Shepperd123,Shepperd123
333,Christos,Coraini,Male,christos@gmail.com,7036137678,Christos123,Christos123
334,Kerwinn,Westcott,Male,kerwinn@gmail.com,8471782309,Kerwinn123,Kerwinn123
335,Arney,Steane,Male,arney@gmail.com,9870828567,Arney123,Arney123
336,Anett,Kadar,Female,anett@gmail.com,7651917413,Anett123,Anett123
337,Marleah,Brinson,Female,marleah@gmail.com,7502583112,Marleah123,Marleah123
338,Georas,Smedmoor,Male,georas@gmail.com,8660958758,Georas123,Georas123
339,Karole,Ciotto,Female,karole@gmail.com,8803397897,Karole123,Karole123
340,Lalo,McKerrow,Male,lalo@gmail.com,7859294814,Lalo123,Lalo123
341,Tadeas,Christie,Male,tadeas@gmail.com,8431792022,Tadeas123,Tadeas123
342,Arv,Seymour,Male,arv@gmail.com,9481825269,Arv123,Arv123
343,Chere,Greason,Female,chere@gmail.com,7961140018,Chere123,Chere123
344,Karl,Cozins,Non-binary,karl@gmail.com,8995918524,Karl123,Karl123
345,Janis,Simnell,Female,janis@gmail.com,7844874120,Janis123,Janis123
346,Llewellyn,Kiljan,Male,llewellyn@gmail.com,9358807780,Llewellyn123,Llewellyn123
347,Mickie,Linzey,Genderfluid,mickie@gmail.com,9729985986,Mickie123,Mickie123
348,Barby,Pencott,Genderqueer,barby@gmail.com,8421681808,Barby123,Barby123
349,Brigg,Apfelmann,Male,brigg@gmail.com,9231496597,Brigg123,Brigg123
350,Hersh,Brouard,Male,hersh@gmail.com,7033716488,Hersh123,Hersh123
351,Ted,Champkin,Male,ted@gmail.com,9919633204,Ted123,Ted123
352,Humfried,McKee,Male,humfried@gmail.com,8165364474,Humfried123,Humfried123
353,Joshuah,Frostdick,Male,joshuah@gmail.com,7914013534,Joshuah123,Joshuah123
354,Heath,Bontein,Female,heath@gmail.com,7925157701,Heath123,Heath123
355,Tadd,Rumming,Bigender,tadd@gmail.com,7929378322,Tadd123,Tadd123
356,Olivier,Clemens,Male,olivier@gmail.com,8499270875,Olivier123,Olivier123
357,Ellie,Nisard,Female,ellie@gmail.com,9543120858,Ellie123,Ellie123
358,Dewitt,Ellingsworth,Male,dewitt@gmail.com,7710218032,Dewitt123,Dewitt123
359,Kimberli,Farress,Female,kimberli@gmail.com,7464044486,Kimberli123,Kimberli123
360,Kendricks,Harcus,Male,kendricks@gmail.com,8749007493,Kendricks123,Kendricks123
361,Neville,Leeming,Male,neville@gmail.com,8213263605,Neville123,Neville123
362,Ainslee,Trenear,Female,ainslee@gmail.com,8568074886,Ainslee123,Ainslee123
363,Dalt,Campling,Male,dalt@gmail.com,9296044317,Dalt123,Dalt123
364,Arabel,Hevner,Non-binary,arabel@gmail.com,7949384212,Arabel123,Arabel123
365,Jackelyn,Game,Female,jackelyn@gmail.com,9407234682,Jackelyn123,Jackelyn123
366,Shaughn,Comford,Bigender,shaughn@gmail.com,9635849581,Shaughn123,Shaughn123
367,Tate,Helwig,Male,tate@gmail.com,9063422523,Tate123,Tate123
368,Diane,O'Mailey,Female,diane@gmail.com,8090016843,Diane123,Diane123
369,Clemmy,Donett,Female,clemmy@gmail.com,8487025091,Clemmy123,Clemmy123
370,Marchall,Yapp,Bigender,marchall@gmail.com,8743835059,Marchall123,Marchall123
371,Thayne,Eve,Male,thayne@gmail.com,8361427474,Thayne123,Thayne123
372,Allina,Duley,Female,allina@gmail.com,8636945012,Allina123,Allina123
373,Lilli,Rizzardi,Female,lilli@gmail.com,7482242902,Lilli123,Lilli123
374,Amalea,Nilles,Female,amalea@gmail.com,7306973592,Amalea123,Amalea123
375,Noreen,Ranklin,Female,noreen@gmail.com,7173027584,Noreen123,Noreen123
376,Latisha,Bartkowiak,Female,latisha@gmail.com,8738775121,Latisha123,Latisha123
377,Patty,Crittal,Male,patty@gmail.com,9844590415,Patty123,Patty123
378,Alvera,Tingly,Female,alvera@gmail.com,9205730668,Alvera123,Alvera123
379,Lorettalorna,Devereux,Bigender,lorettalorna@gmail.com,7505367077,Lorettalorna123,Lorettalorna123
380,Garwood,Waite,Male,garwood@gmail.com,7295575742,Garwood123,Garwood123
381,Grenville,De Roeck,Agender,grenville@gmail.com,7658245709,Grenville123,Grenville123
382,Emilio,Dablin,Male,emilio@gmail.com,8797309380,Emilio123,Emilio123
383,Ariela,Ondracek,Female,ariela@gmail.com,9074434703,Ariela123,Ariela123
384,Adi,Vesty,Female,adi@gmail.com,9501068271,Adi123,Adi123
385,Graham,Rayer,Male,graham@gmail.com,8814315194,Graham123,Graham123
386,Bethina,Goodier,Female,bethina@gmail.com,9587267911,Bethina123,Bethina123
387,Trisha,Pischoff,Female,trisha@gmail.com,8438181992,Trisha123,Trisha123
388,Gloriana,Biggins,Female,gloriana@gmail.com,8844946670,Gloriana123,Gloriana123
389,Collen,Heigold,Female,collen@gmail.com,9179911802,Collen123,Collen123
390,Carlina,Proven,Female,carlina@gmail.com,9153601016,Carlina123,Carlina123
391,Hannie,Raiman,Female,hannie@gmail.com,9624515911,Hannie123,Hannie123
392,Caryl,Lathee,Female,caryl@gmail.com,7408799029,Caryl123,Caryl123
393,Wrennie,Stancer,Female,wrennie@gmail.com,8901362103,Wrennie123,Wrennie123
394,Winny,Blencowe,Female,winny@gmail.com,9443031052,Winny123,Winny123
395,Rycca,McCoid,Female,rycca@gmail.com,7766355627,Rycca123,Rycca123
396,Red,Royds,Male,red@gmail.com,7404816531,Red123,Red123
397,Electra,Corballis,Female,electra@gmail.com,9355188238,Electra123,Electra123
398,Norbert,Smitherman,Male,norbert@gmail.com,9973605496,Norbert123,Norbert123
399,Baudoin,Coppo,Male,baudoin@gmail.com,7563173470,Baudoin123,Baudoin123
400,Jessica,Meachan,Female,jessica@gmail.com,7274071426,Jessica123,Jessica123
401,Inness,Buten,Male,inness@gmail.com,7173332036,Inness123,Inness123
402,Vincent,Byrth,Male,vincent@gmail.com,9894880217,Vincent123,Vincent123
403,Harli,Sheircliffe,Female,harli@gmail.com,8884410954,Harli123,Harli123
404,Andris,De Giorgio,Male,andris@gmail.com,8859755181,Andris123,Andris123
405,Quent,Scryne,Male,quent@gmail.com,9541765180,Quent123,Quent123
406,Olenka,Abbyss,Female,olenka@gmail.com,8287807563,Olenka123,Olenka123
407,Shem,Muggleton,Male,shem@gmail.com,7428597487,Shem123,Shem123
408,Herby,Ferrone,Male,herby@gmail.com,7760222539,Herby123,Herby123
409,Leo,Enos,Male,leo@gmail.com,7905657409,Leo123,Leo123
410,Arte,De Ruggero,Male,arte@gmail.com,9849057658,Arte123,Arte123
411,Roderick,Patrickson,Male,roderick@gmail.com,9525816517,Roderick123,Roderick123
412,Marcellus,Rowbottom,Male,marcellus@gmail.com,7780526648,Marcellus123,Marcellus123
413,Dinny,Meaking,Female,dinny@gmail.com,7775896333,Dinny123,Dinny123
414,Anastasie,Blevin,Female,anastasie@gmail.com,7230014440,Anastasie123,Anastasie123
415,Bridgette,Tripony,Female,bridgette@gmail.com,8473546654,Bridgette123,Bridgette123
416,Odette,Pretor,Female,odette@gmail.com,9881232386,Odette123,Odette123
417,Jemie,Vagg,Female,jemie@gmail.com,9740177969,Jemie123,Jemie123
418,Bamby,Whitford,Female,bamby@gmail.com,9249636816,Bamby123,Bamby123
419,Doris,Ebhardt,Female,doris@gmail.com,8900008915,Doris123,Doris123
420,Geralda,Wadly,Non-binary,geralda@gmail.com,8368471162,Geralda123,Geralda123
421,Rhodia,Whopples,Female,rhodia@gmail.com,8993111764,Rhodia123,Rhodia123
422,Anastassia,Oliveti,Agender,anastassia@gmail.com,8361994427,Anastassia123,Anastassia123
423,Sibbie,Gildea,Female,sibbie@gmail.com,7654135729,Sibbie123,Sibbie123
424,Hardy,Davidsen,Male,hardy@gmail.com,7631594714,Hardy123,Hardy123
425,Zachary,Calkin,Male,zachary@gmail.com,9732464496,Zachary123,Zachary123
426,Nichole,Melmore,Male,nichole@gmail.com,9973107845,Nichole123,Nichole123
427,Dallon,Clampe,Male,dallon@gmail.com,9277417067,Dallon123,Dallon123
428,Olly,Paulsson,Female,olly@gmail.com,9294656028,Olly123,Olly123
429,Corry,Giuroni,Female,corry@gmail.com,8315878009,Corry123,Corry123
430,Rhonda,Dimnage,Female,rhonda@gmail.com,7080267166,Rhonda123,Rhonda123
431,Edd,Tradewell,Male,edd@gmail.com,8533515535,Edd123,Edd123
432,Blanch,Skippings,Female,blanch@gmail.com,8788136997,Blanch123,Blanch123
433,Phillipp,Segot,Male,phillipp@gmail.com,8277791388,Phillipp123,Phillipp123
434,Kristy,Ivakhin,Female,kristy@gmail.com,8252802739,Kristy123,Kristy123
435,Hayward,Bourchier,Male,hayward@gmail.com,9036685619,Hayward123,Hayward123
436,Murray,Game,Male,murray@gmail.com,9587494864,Murray123,Murray123
437,Vicky,Clayal,Female,vicky@gmail.com,7374135463,Vicky123,Vicky123
438,Percival,Kearton,Male,percival@gmail.com,7276386210,Percival123,Percival123
439,Abel,Maffulli,Male,abel@gmail.com,8457622942,Abel123,Abel123
440,Modestia,Van Der Weedenburg,Female,modestia@gmail.com,7910009824,Modestia123,Modestia123
441,Eirena,Champ,Female,eirena@gmail.com,9357160117,Eirena123,Eirena123
442,Audrye,Dash,Bigender,audrye@gmail.com,8096948775,Audrye123,Audrye123
443,Jere,Rubie,Female,jere@gmail.com,9095892533,Jere123,Jere123
444,Brok,Lannon,Male,brok@gmail.com,9284684026,Brok123,Brok123
445,Cort,Chatainier,Male,cort@gmail.com,7171307447,Cort123,Cort123
446,Kara,Lonnon,Female,kara@gmail.com,9807350612,Kara123,Kara123
447,Mal,Robrose,Male,mal@gmail.com,9080681882,Mal123,Mal123
448,Ronnie,Lewerenz,Male,ronnie@gmail.com,8322153618,Ronnie123,Ronnie123
449,Carolin,Raimbauld,Female,carolin@gmail.com,7031019937,Carolin123,Carolin123
450,Toma,Langtree,Female,toma@gmail.com,7633118955,Toma123,Toma123
451,Mohandis,Huertas,Male,mohandis@gmail.com,9302950937,Mohandis123,Mohandis123
452,Virginia,Trevaskus,Female,virginia@gmail.com,8987323150,Virginia123,Virginia123
453,Joane,Alyukin,Female,joane@gmail.com,9018063302,Joane123,Joane123
454,Bartel,Gorring,Male,bartel@gmail.com,9348558676,Bartel123,Bartel123
455,Kerry,Haylands,Male,kerry@gmail.com,8305372928,Kerry123,Kerry123
456,Boris,Olech,Male,boris@gmail.com,9534509624,Boris123,Boris123
457,Christiane,Jeanenet,Female,christiane@gmail.com,9829863069,Christiane123,Christiane123
458,Esmaria,Hallahan,Female,esmaria@gmail.com,9631475145,Esmaria123,Esmaria123
459,Vasily,Bansal,Male,vasily@gmail.com,7832686559,Vasily123,Vasily123
460,Neysa,Zuker,Female,neysa@gmail.com,9443410608,Neysa123,Neysa123
461,Claudianus,Aron,Male,claudianus@gmail.com,9073436415,Claudianus123,Claudianus123
462,Doe,Chipp,Female,doe@gmail.com,9930459022,Doe123,Doe123
463,Brady,Stegell,Male,brady@gmail.com,7948248215,Brady123,Brady123
464,Tamqrah,Petronis,Female,tamqrah@gmail.com,9029498499,Tamqrah123,Tamqrah123
465,Jobey,Mumby,Female,jobey@gmail.com,9453810145,Jobey123,Jobey123
466,Paola,Schimank,Female,paola@gmail.com,8456918979,Paola123,Paola123
467,Sheela,Dayce,Female,sheela@gmail.com,9247769433,Sheela123,Sheela123
468,Hughie,Champness,Male,hughie@gmail.com,7587564917,Hughie123,Hughie123
469,Grayce,McFetrich,Female,grayce@gmail.com,8723916420,Grayce123,Grayce123
470,Diana,Oswick,Female,diana@gmail.com,9498997961,Diana123,Diana123
471,Sayer,Peto,Male,sayer@gmail.com,7016688871,Sayer123,Sayer123
472,Basil,Flinders,Male,basil@gmail.com,7264337203,Basil123,Basil123
473,Brandyn,Ricco,Male,brandyn@gmail.com,9049197646,Brandyn123,Brandyn123
474,Nissa,Angeli,Agender,nissa@gmail.com,9238420474,Nissa123,Nissa123
475,Ario,Worster,Male,ario@gmail.com,8445985575,Ario123,Ario123
476,Florance,Doylend,Female,florance@gmail.com,8288081872,Florance123,Florance123
477,Brant,MacDirmid,Male,brant@gmail.com,9717262290,Brant123,Brant123
478,Sean,Bootman,Male,sean@gmail.com,9601042944,Sean123,Sean123
479,Anatol,Frowd,Male,anatol@gmail.com,9355238484,Anatol123,Anatol123
480,Errick,Threadgould,Male,errick@gmail.com,9615808252,Errick123,Errick123
481,Sayres,Ferrao,Male,sayres@gmail.com,8497255012,Sayres123,Sayres123
482,Rogerio,Coggan,Bigender,rogerio@gmail.com,7152806460,Rogerio123,Rogerio123
483,Jephthah,Ovett,Male,jephthah@gmail.com,8985693808,Jephthah123,Jephthah123
484,Olga,Ielden,Female,olga@gmail.com,8405756082,Olga123,Olga123
485,Allyn,Zellmer,Male,allyn@gmail.com,7311980585,Allyn123,Allyn123
486,Sam,Collcott,Male,sam@gmail.com,7660920910,Sam123,Sam123
487,Alexis,Symms,Male,alexis@gmail.com,8515731358,Alexis123,Alexis123
488,Haywood,Afield,Male,haywood@gmail.com,9580949370,Haywood123,Haywood123
489,Jennee,Valeri,Female,jennee@gmail.com,8520009688,Jennee123,Jennee123
490,Carmine,Hayler,Male,carmine@gmail.com,8362049845,Carmine123,Carmine123
491,Vitia,Kloster,Female,vitia@gmail.com,8649543296,Vitia123,Vitia123
492,Sammy,Keningley,Female,sammy@gmail.com,8086173527,Sammy123,Sammy123
493,Woody,Alsopp,Bigender,woody@gmail.com,7346326424,Woody123,Woody123
494,Dillon,Szapiro,Male,dillon@gmail.com,9536222431,Dillon123,Dillon123
495,Decca,Orriss,Male,decca@gmail.com,9819506338,Decca123,Decca123
496,Romy,Jerrolt,Female,romy@gmail.com,8649354180,Romy123,Romy123
497,Deny,Duxbarry,Female,deny@gmail.com,9814679189,Deny123,Deny123
498,Marylynne,Gellert,Female,marylynne@gmail.com,8870467654,Marylynne123,Marylynne123
499,Noam,Sidebotham,Male,noam@gmail.com,7065578967,Noam123,Noam123
500,Arny,Tracy,Male,arny@gmail.com,9504109240,Arny123,Arny123
501,Ryon,McJerrow,Male,ryon@gmail.com,9127807258,Ryon123,Ryon123
502,Lacee,Hourihane,Female,lacee@gmail.com,9389884105,Lacee123,Lacee123
503,Amye,Tuminelli,Female,amye@gmail.com,8107794273,Amye123,Amye123
504,Genna,Ouldred,Female,genna@gmail.com,7973009113,Genna123,Genna123
505,Levey,Rousel,Male,levey@gmail.com,9739105956,Levey123,Levey123
506,Brock,Snar,Male,brock@gmail.com,7628308806,Brock123,Brock123
507,Hastie,Poleye,Male,hastie@gmail.com,8962579833,Hastie123,Hastie123
508,Ansley,Eagling,Female,ansley@gmail.com,7429125778,Ansley123,Ansley123
509,Shell,Thewless,Male,shell@gmail.com,8071415030,Shell123,Shell123
510,Annalise,Maddinon,Female,annalise@gmail.com,8186686028,Annalise123,Annalise123
511,Brigida,Auger,Female,brigida@gmail.com,7921535672,Brigida123,Brigida123
512,Thatcher,Ozanne,Male,thatcher@gmail.com,9965917091,Thatcher123,Thatcher123
513,Janna,Pregal,Female,janna@gmail.com,7072198919,Janna123,Janna123
514,Gibb,De Beauchemp,Male,gibb@gmail.com,8058437828,Gibb123,Gibb123
515,Brynne,Fearenside,Female,brynne@gmail.com,8406314695,Brynne123,Brynne123
516,Wanids,Yegorkov,Female,wanids@gmail.com,7012734170,Wanids123,Wanids123
517,Julio,Petken,Male,julio@gmail.com,7549938456,Julio123,Julio123
518,Catriona,Forbes,Female,catriona@gmail.com,9002328760,Catriona123,Catriona123
519,Konrad,Paddemore,Male,konrad@gmail.com,8861513984,Konrad123,Konrad123
520,Wilburt,Tipling,Male,wilburt@gmail.com,9235366886,Wilburt123,Wilburt123
521,Culver,Mullis,Male,culver@gmail.com,8150976881,Culver123,Culver123
522,Morry,Prandi,Male,morry@gmail.com,9481743320,Morry123,Morry123
523,Kamillah,Coomes,Female,kamillah@gmail.com,8358642598,Kamillah123,Kamillah123
524,Mellie,Kernocke,Agender,mellie@gmail.com,8758112150,Mellie123,Mellie123
525,Boyd,Iannitti,Male,boyd@gmail.com,9593016835,Boyd123,Boyd123
526,Catlin,Brumfield,Female,catlin@gmail.com,8705839421,Catlin123,Catlin123
527,Irving,Scarrisbrick,Male,irving@gmail.com,9857452033,Irving123,Irving123
528,Ingemar,Ceresa,Male,ingemar@gmail.com,9433322988,Ingemar123,Ingemar123
529,Beret,Ellams,Female,beret@gmail.com,8751016289,Beret123,Beret123
530,Marcille,Skough,Female,marcille@gmail.com,7615166771,Marcille123,Marcille123
531,Willette,Avrahamian,Female,willette@gmail.com,8820873687,Willette123,Willette123
532,Michale,McReath,Male,michale@gmail.com,7559357985,Michale123,Michale123
533,Bonnie,Berzen,Female,bonnie@gmail.com,8796304225,Bonnie123,Bonnie123
534,Rafi,Schorah,Male,rafi@gmail.com,7773663668,Rafi123,Rafi123
535,Gunter,Eger,Polygender,gunter@gmail.com,7516716699,Gunter123,Gunter123
536,Gunter,Maggiore,Male,gunter@gmail.com,8711677067,Gunter123,Gunter123
537,Renee,Strickler,Female,renee@gmail.com,9197602931,Renee123,Renee123
538,Clare,Solley,Female,clare@gmail.com,9964666656,Clare123,Clare123
539,Anabal,Lyngsted,Female,anabal@gmail.com,9574671099,Anabal123,Anabal123
540,Antons,Scobbie,Agender,antons@gmail.com,9464229219,Antons123,Antons123
541,Caro,Rableau,Female,caro@gmail.com,7731873678,Caro123,Caro123
542,Jordanna,Janaud,Polygender,jordanna@gmail.com,9648082933,Jordanna123,Jordanna123
543,Finn,Regardsoe,Male,finn@gmail.com,9008172442,Finn123,Finn123
544,Lorilyn,Donat,Female,lorilyn@gmail.com,8822675469,Lorilyn123,Lorilyn123
545,Angelina,Kennally,Female,angelina@gmail.com,7493009808,Angelina123,Angelina123
546,Prescott,Brach,Male,prescott@gmail.com,7870189940,Prescott123,Prescott123
547,Deena,Domokos,Female,deena@gmail.com,9963631552,Deena123,Deena123
548,Madelina,Goodison,Female,madelina@gmail.com,8048348670,Madelina123,Madelina123
549,Claudell,Tristram,Male,claudell@gmail.com,9777323750,Claudell123,Claudell123
550,Cathrine,Dusting,Female,cathrine@gmail.com,8848852300,Cathrine123,Cathrine123
551,Yvon,Cranney,Male,yvon@gmail.com,8402976975,Yvon123,Yvon123
552,Sherlock,Kippling,Male,sherlock@gmail.com,9406834763,Sherlock123,Sherlock123
553,Kristien,Ecob,Female,kristien@gmail.com,7836090514,Kristien123,Kristien123
554,Reta,Gravestone,Female,reta@gmail.com,8752309568,Reta123,Reta123
555,Reinold,Sambles,Male,reinold@gmail.com,8568066695,Reinold123,Reinold123
556,Binni,Slade,Female,binni@gmail.com,8328303064,Binni123,Binni123
557,Bella,Lummus,Female,bella@gmail.com,7462238127,Bella123,Bella123
558,Yale,Robens,Male,yale@gmail.com,8803494830,Yale123,Yale123
559,Jaquenette,O'Currane,Female,jaquenette@gmail.com,8099845702,Jaquenette123,Jaquenette123
560,Rebekkah,McNeilly,Female,rebekkah@gmail.com,8628170356,Rebekkah123,Rebekkah123
561,Adriana,O'Hollegan,Female,adriana@gmail.com,8032174939,Adriana123,Adriana123
562,Deerdre,Buncom,Female,deerdre@gmail.com,9530594685,Deerdre123,Deerdre123
563,Jammal,Trelevan,Male,jammal@gmail.com,8991329778,Jammal123,Jammal123
564,Clea,Postle,Non-binary,clea@gmail.com,9013068970,Clea123,Clea123
565,Trixie,Kestian,Female,trixie@gmail.com,8751305609,Trixie123,Trixie123
566,Kory,Crisford,Male,kory@gmail.com,8234066720,Kory123,Kory123
567,Byram,Cerro,Male,byram@gmail.com,8155086455,Byram123,Byram123
568,Cherise,Heitz,Female,cherise@gmail.com,9806068788,Cherise123,Cherise123
569,Hamil,Vales,Male,hamil@gmail.com,8989543387,Hamil123,Hamil123
570,Xever,Rustadge,Male,xever@gmail.com,8458205124,Xever123,Xever123
571,Ciel,Matusiak,Genderfluid,ciel@gmail.com,8715510947,Ciel123,Ciel123
572,Antoine,Matzkaitis,Male,antoine@gmail.com,7601440126,Antoine123,Antoine123
573,Denys,Cressy,Male,denys@gmail.com,9367939694,Denys123,Denys123
574,Arabel,Cobbold,Female,arabel@gmail.com,9451799037,Arabel123,Arabel123
575,Griffy,Haugh,Male,griffy@gmail.com,8572093471,Griffy123,Griffy123
576,Tiphanie,Doe,Female,tiphanie@gmail.com,7699959346,Tiphanie123,Tiphanie123
577,Celene,Cosson,Female,celene@gmail.com,7964859281,Celene123,Celene123
578,Rosmunda,Duckering,Female,rosmunda@gmail.com,7605213227,Rosmunda123,Rosmunda123
579,Dwain,Reilingen,Male,dwain@gmail.com,9676876012,Dwain123,Dwain123
580,Lucie,Lenton,Female,lucie@gmail.com,8129224836,Lucie123,Lucie123
581,Janos,Chidgey,Male,janos@gmail.com,7087214310,Janos123,Janos123
582,Lesley,Gierth,Female,lesley@gmail.com,9196613876,Lesley123,Lesley123
583,Cirstoforo,Caulier,Male,cirstoforo@gmail.com,7122235409,Cirstoforo123,Cirstoforo123
584,Xever,Lightning,Agender,xever@gmail.com,9654583913,Xever123,Xever123
585,Jeremy,Willishire,Male,jeremy@gmail.com,7691494458,Jeremy123,Jeremy123
586,Rouvin,Blakeway,Male,rouvin@gmail.com,7269973863,Rouvin123,Rouvin123
587,Man,Andresser,Male,man@gmail.com,7289852058,Man123,Man123
588,Quent,Coatts,Male,quent@gmail.com,9762648004,Quent123,Quent123
589,Nealon,Thies,Male,nealon@gmail.com,7593105427,Nealon123,Nealon123
590,Melamie,Guion,Female,melamie@gmail.com,8834933190,Melamie123,Melamie123
591,Aggy,Bambrick,Female,aggy@gmail.com,7845838055,Aggy123,Aggy123
592,Harriet,Copperwaite,Female,harriet@gmail.com,9268426631,Harriet123,Harriet123
593,Buddie,Pawlyn,Male,buddie@gmail.com,8990056574,Buddie123,Buddie123
594,Bing,Haley,Male,bing@gmail.com,7843476125,Bing123,Bing123
595,Raquela,Boarder,Genderfluid,raquela@gmail.com,8595925332,Raquela123,Raquela123
596,Chase,Cranstone,Male,chase@gmail.com,8849993933,Chase123,Chase123
597,Giraud,Brearty,Male,giraud@gmail.com,9197791775,Giraud123,Giraud123
598,Lew,Roblin,Male,lew@gmail.com,9228788934,Lew123,Lew123
599,Hayden,Archdeacon,Male,hayden@gmail.com,8616447948,Hayden123,Hayden123
600,Kandace,Klewi,Female,kandace@gmail.com,9963086443,Kandace123,Kandace123
601,Tansy,Mincini,Female,tansy@gmail.com,7631350898,Tansy123,Tansy123
602,Vikky,Jeffryes,Female,vikky@gmail.com,9560386575,Vikky123,Vikky123
603,Ax,Ruperti,Male,ax@gmail.com,8723205888,Ax123,Ax123
604,Stefan,Ritchard,Non-binary,stefan@gmail.com,8085706162,Stefan123,Stefan123
605,Iseabal,Flamank,Female,iseabal@gmail.com,8267522173,Iseabal123,Iseabal123
606,Sula,Chillcot,Female,sula@gmail.com,7043911589,Sula123,Sula123
607,Kaleena,McRuvie,Genderfluid,kaleena@gmail.com,7045143346,Kaleena123,Kaleena123
608,Gaye,Hutson,Female,gaye@gmail.com,7989308172,Gaye123,Gaye123
609,Nancie,Delgado,Female,nancie@gmail.com,8071577149,Nancie123,Nancie123
610,Gaelan,Vaudrey,Male,gaelan@gmail.com,9736219533,Gaelan123,Gaelan123
611,Nikkie,Luis,Female,nikkie@gmail.com,9300557190,Nikkie123,Nikkie123
612,Lodovico,Pranger,Male,lodovico@gmail.com,7888402625,Lodovico123,Lodovico123
613,Tobe,McVicar,Female,tobe@gmail.com,7055178395,Tobe123,Tobe123
614,Arni,Hearnaman,Male,arni@gmail.com,7875684896,Arni123,Arni123
615,Roth,Bavin,Male,roth@gmail.com,8299135839,Roth123,Roth123
616,Debee,Assandri,Female,debee@gmail.com,9585437499,Debee123,Debee123
617,Ettie,Sulman,Female,ettie@gmail.com,8445659744,Ettie123,Ettie123
618,Nikos,Wallwood,Agender,nikos@gmail.com,9791192899,Nikos123,Nikos123
619,Reid,Sawdy,Male,reid@gmail.com,9681882718,Reid123,Reid123
620,Aggi,Dionsetti,Female,aggi@gmail.com,8630623174,Aggi123,Aggi123
621,Rolfe,Farndell,Genderqueer,rolfe@gmail.com,8704861281,Rolfe123,Rolfe123
622,Bambi,Waplington,Non-binary,bambi@gmail.com,7673083668,Bambi123,Bambi123
623,Jayson,Mocher,Male,jayson@gmail.com,9828586642,Jayson123,Jayson123
624,Adeline,Cabedo,Female,adeline@gmail.com,9217376302,Adeline123,Adeline123
625,Andrea,Cockayme,Polygender,andrea@gmail.com,7003869839,Andrea123,Andrea123
626,Elysee,Pinchen,Female,elysee@gmail.com,7498669451,Elysee123,Elysee123
627,Jasmine,Harrismith,Female,jasmine@gmail.com,8709091022,Jasmine123,Jasmine123
628,Ricard,Eilles,Male,ricard@gmail.com,8045520751,Ricard123,Ricard123
629,Lacey,Beeton,Female,lacey@gmail.com,7552371255,Lacey123,Lacey123
630,Mikkel,Petric,Male,mikkel@gmail.com,8794922527,Mikkel123,Mikkel123
631,Randolph,Eakins,Male,randolph@gmail.com,9619556677,Randolph123,Randolph123
632,Lucretia,Bartomeu,Female,lucretia@gmail.com,9522687605,Lucretia123,Lucretia123
633,Asher,Cammock,Male,asher@gmail.com,7323940891,Asher123,Asher123
634,Merlina,Hedger,Female,merlina@gmail.com,7096195978,Merlina123,Merlina123
635,Josie,Imloch,Female,josie@gmail.com,9602582205,Josie123,Josie123
636,Howie,Newlands,Male,howie@gmail.com,7822712672,Howie123,Howie123
637,Carolan,Wilson,Polygender,carolan@gmail.com,8639137676,Carolan123,Carolan123
638,Cosme,Sayton,Male,cosme@gmail.com,7987650273,Cosme123,Cosme123
639,Lucie,Kopke,Female,lucie@gmail.com,8084950211,Lucie123,Lucie123
640,Daphene,Jamison,Female,daphene@gmail.com,7719975964,Daphene123,Daphene123
641,Torrey,Carleman,Male,torrey@gmail.com,9725335937,Torrey123,Torrey123
642,Mayor,Mumberson,Male,mayor@gmail.com,9541218513,Mayor123,Mayor123
643,Ajay,Pancoast,Non-binary,ajay@gmail.com,9284092775,Ajay123,Ajay123
644,Aurlie,Keyzman,Female,aurlie@gmail.com,8679236833,Aurlie123,Aurlie123
645,Benn,Kenningham,Male,benn@gmail.com,8029368426,Benn123,Benn123
646,Hurley,Le Conte,Male,hurley@gmail.com,8046758157,Hurley123,Hurley123
647,Lucine,Youings,Female,lucine@gmail.com,7638460798,Lucine123,Lucine123
648,Elka,Trevethan,Agender,elka@gmail.com,7911484977,Elka123,Elka123
649,Barn,Norgate,Male,barn@gmail.com,9417677887,Barn123,Barn123
650,Scarface,Campany,Male,scarface@gmail.com,7083753846,Scarface123,Scarface123
651,Ferguson,Phripp,Male,ferguson@gmail.com,7772499363,Ferguson123,Ferguson123
652,April,Wilsher,Female,april@gmail.com,8513940463,April123,April123
653,Archer,Mattke,Male,archer@gmail.com,7650866666,Archer123,Archer123
654,Fanchon,Cowlas,Female,fanchon@gmail.com,9606730119,Fanchon123,Fanchon123
655,Calli,Liell,Female,calli@gmail.com,7066428671,Calli123,Calli123
656,Wendie,Raund,Female,wendie@gmail.com,7990481155,Wendie123,Wendie123
657,Amabel,Yanin,Female,amabel@gmail.com,8921281396,Amabel123,Amabel123
658,Lydon,Riping,Male,lydon@gmail.com,9253455971,Lydon123,Lydon123
659,Carlee,Andren,Female,carlee@gmail.com,7094328460,Carlee123,Carlee123
660,Tuesday,Spurge,Female,tuesday@gmail.com,9989782822,Tuesday123,Tuesday123
661,Aurora,Brew,Polygender,aurora@gmail.com,8021846085,Aurora123,Aurora123
662,Steffane,Lenglet,Female,steffane@gmail.com,9977258422,Steffane123,Steffane123
663,Brucie,Henningham,Male,brucie@gmail.com,9896495394,Brucie123,Brucie123
664,Thaddeus,Johnston,Male,thaddeus@gmail.com,9861250639,Thaddeus123,Thaddeus123
665,Reta,Meaders,Female,reta@gmail.com,7355456186,Reta123,Reta123
666,Wolfy,Ortas,Male,wolfy@gmail.com,7674389878,Wolfy123,Wolfy123
667,Charley,Josland,Male,charley@gmail.com,9882545314,Charley123,Charley123
668,Minne,Ourtic,Female,minne@gmail.com,9066419702,Minne123,Minne123
669,Lutero,Kitchaside,Male,lutero@gmail.com,9643805222,Lutero123,Lutero123
670,Anabel,Danahar,Female,anabel@gmail.com,9662936646,Anabel123,Anabel123
671,Farrel,Sebley,Male,farrel@gmail.com,9415928742,Farrel123,Farrel123
672,Aurea,Ulyat,Female,aurea@gmail.com,8759376409,Aurea123,Aurea123
673,Cicily,Everill,Female,cicily@gmail.com,9331448403,Cicily123,Cicily123
674,Shel,Rydings,Female,shel@gmail.com,8507966958,Shel123,Shel123
675,Zeb,Rignoldes,Male,zeb@gmail.com,7575617636,Zeb123,Zeb123
676,Guillaume,Hatry,Male,guillaume@gmail.com,7407356957,Guillaume123,Guillaume123
677,Lilli,Shooter,Female,lilli@gmail.com,8139031353,Lilli123,Lilli123
678,Clare,Filov,Female,clare@gmail.com,9436374577,Clare123,Clare123
679,Angie,Raiman,Female,angie@gmail.com,7930808279,Angie123,Angie123
680,Chuck,Pawelke,Male,chuck@gmail.com,9607390210,Chuck123,Chuck123
681,Lewes,Philcock,Male,lewes@gmail.com,8394209114,Lewes123,Lewes123
682,Trish,Nornable,Female,trish@gmail.com,9414572467,Trish123,Trish123
683,Barbabas,Stangroom,Male,barbabas@gmail.com,7317879450,Barbabas123,Barbabas123
684,Noby,Rabbitts,Male,noby@gmail.com,8241492319,Noby123,Noby123
685,Brett,Apedaile,Male,brett@gmail.com,7724371795,Brett123,Brett123
686,Loreen,Sowrah,Female,loreen@gmail.com,8457913558,Loreen123,Loreen123
687,Madelin,Draysey,Female,madelin@gmail.com,9004607815,Madelin123,Madelin123
688,Lucais,Ivell,Male,lucais@gmail.com,8163420308,Lucais123,Lucais123
689,Spike,Saban,Genderqueer,spike@gmail.com,9469261353,Spike123,Spike123
690,Constantin,Sudy,Male,constantin@gmail.com,7677416017,Constantin123,Constantin123
691,Zollie,Otley,Male,zollie@gmail.com,9766113977,Zollie123,Zollie123
692,Britt,Allbut,Female,britt@gmail.com,8821296139,Britt123,Britt123
693,Thornton,Kelle,Male,thornton@gmail.com,9672792063,Thornton123,Thornton123
694,Burk,Whitnell,Genderfluid,burk@gmail.com,7537404486,Burk123,Burk123
695,Clary,Malamore,Female,clary@gmail.com,7308703688,Clary123,Clary123
696,Annamarie,Ferruzzi,Female,annamarie@gmail.com,7964849694,Annamarie123,Annamarie123
697,Roy,Mcall,Male,roy@gmail.com,8578061848,Roy123,Roy123
698,Lib,Cosford,Female,lib@gmail.com,7691217512,Lib123,Lib123
699,Frank,Kosiada,Female,frank@gmail.com,7380222842,Frank123,Frank123
700,Marlena,Dunsford,Female,marlena@gmail.com,9771687165,Marlena123,Marlena123
701,Maxie,Gajewski,Male,maxie@gmail.com,8145632429,Maxie123,Maxie123
702,Nicki,Orteaux,Female,nicki@gmail.com,7938935598,Nicki123,Nicki123
703,Clayton,Binning,Male,clayton@gmail.com,8991595035,Clayton123,Clayton123
704,Leshia,Lamberti,Female,leshia@gmail.com,9627956116,Leshia123,Leshia123
705,Ransell,Maskew,Male,ransell@gmail.com,8796884512,Ransell123,Ransell123
706,Anson,Rolston,Male,anson@gmail.com,9717444015,Anson123,Anson123
707,George,Delhay,Male,george@gmail.com,8188788765,George123,George123
708,Michele,Mingasson,Male,michele@gmail.com,9159123909,Michele123,Michele123
709,Dulcy,Cornner,Female,dulcy@gmail.com,9307429706,Dulcy123,Dulcy123
710,Ermanno,Altoft,Male,ermanno@gmail.com,8845774644,Ermanno123,Ermanno123
711,Dimitry,Curner,Male,dimitry@gmail.com,7142377644,Dimitry123,Dimitry123
712,Hatti,Grimston,Female,hatti@gmail.com,7723201881,Hatti123,Hatti123
713,Dallon,Tilliards,Male,dallon@gmail.com,9728965136,Dallon123,Dallon123
714,Pooh,Chaikovski,Female,pooh@gmail.com,9147791911,Pooh123,Pooh123
715,Griffie,Libbe,Male,griffie@gmail.com,9142684996,Griffie123,Griffie123
716,Kayla,Beagles,Female,kayla@gmail.com,7559529458,Kayla123,Kayla123
717,Chad,Gawthrope,Male,chad@gmail.com,7732869369,Chad123,Chad123
718,Riley,Antoniutti,Bigender,riley@gmail.com,9198606238,Riley123,Riley123
719,Coleen,Kempshall,Female,coleen@gmail.com,9655641943,Coleen123,Coleen123
720,Marius,Lautie,Male,marius@gmail.com,9184967619,Marius123,Marius123
721,Vassily,Anear,Male,vassily@gmail.com,7039831842,Vassily123,Vassily123
722,Walsh,Kinworthy,Male,walsh@gmail.com,7925281520,Walsh123,Walsh123
723,Currey,Foro,Male,currey@gmail.com,7957360044,Currey123,Currey123
724,Saudra,Bedle,Female,saudra@gmail.com,8929591454,Saudra123,Saudra123
725,Teador,Shepherdson,Male,teador@gmail.com,9379237254,Teador123,Teador123
726,Muriel,Skelhorn,Female,muriel@gmail.com,9420565125,Muriel123,Muriel123
727,Randie,Beden,Female,randie@gmail.com,8577932886,Randie123,Randie123
728,Henry,McCroft,Male,henry@gmail.com,9215514856,Henry123,Henry123
729,Elva,Smalley,Female,elva@gmail.com,8449285263,Elva123,Elva123
730,Neille,Gilluley,Female,neille@gmail.com,7893197066,Neille123,Neille123
731,Kaiser,Haggata,Male,kaiser@gmail.com,7568687038,Kaiser123,Kaiser123
732,Andres,Flode,Male,andres@gmail.com,8131052352,Andres123,Andres123
733,Tadio,Stonehouse,Male,tadio@gmail.com,7203674149,Tadio123,Tadio123
734,Paige,Esome,Male,paige@gmail.com,8499586829,Paige123,Paige123
735,Tracey,Dandy,Male,tracey@gmail.com,7193049752,Tracey123,Tracey123
736,Jorrie,Benfell,Female,jorrie@gmail.com,8974032580,Jorrie123,Jorrie123
737,Elvera,Bloore,Female,elvera@gmail.com,7515347245,Elvera123,Elvera123
738,Jesus,Mewha,Male,jesus@gmail.com,7537836010,Jesus123,Jesus123
739,Bobine,Mccaull,Female,bobine@gmail.com,8920112252,Bobine123,Bobine123
740,Felicio,Studeart,Male,felicio@gmail.com,7267574808,Felicio123,Felicio123
741,Agathe,Croisdall,Genderfluid,agathe@gmail.com,8781664555,Agathe123,Agathe123
742,Miranda,de Pinna,Female,miranda@gmail.com,9474559489,Miranda123,Miranda123
743,Howey,Pidwell,Male,howey@gmail.com,9691093430,Howey123,Howey123
744,Hans,Echallie,Male,hans@gmail.com,7177465455,Hans123,Hans123
745,Kerry,Craine,Female,kerry@gmail.com,9848889369,Kerry123,Kerry123
746,Raquel,Lowers,Genderfluid,raquel@gmail.com,7008999719,Raquel123,Raquel123
747,Tucker,Mendel,Male,tucker@gmail.com,7631850057,Tucker123,Tucker123
748,Robby,Mallows,Male,robby@gmail.com,7760781166,Robby123,Robby123
749,Caresse,Cutress,Female,caresse@gmail.com,9187964570,Caresse123,Caresse123
750,Sheridan,Chadney,Male,sheridan@gmail.com,7048002503,Sheridan123,Sheridan123
751,Bernardine,Billanie,Female,bernardine@gmail.com,8487112899,Bernardine123,Bernardine123
752,Jeramie,Reddlesden,Polygender,jeramie@gmail.com,7918586429,Jeramie123,Jeramie123
753,Eryn,Crinage,Female,eryn@gmail.com,8757858606,Eryn123,Eryn123
754,Seka,Kahler,Female,seka@gmail.com,9287176796,Seka123,Seka123
755,Kerr,Blitzer,Male,kerr@gmail.com,9798063016,Kerr123,Kerr123
756,Marven,Totterdill,Male,marven@gmail.com,7700256579,Marven123,Marven123
757,Palmer,Crass,Male,palmer@gmail.com,8748033880,Palmer123,Palmer123
758,Dante,Challis,Male,dante@gmail.com,9604185059,Dante123,Dante123
759,Margit,Kingham,Female,margit@gmail.com,8718548003,Margit123,Margit123
760,Alistair,Ransfield,Male,alistair@gmail.com,8872566383,Alistair123,Alistair123
761,Sephira,Guidone,Female,sephira@gmail.com,9655924034,Sephira123,Sephira123
762,Adan,Fallanche,Male,adan@gmail.com,8304084578,Adan123,Adan123
763,Dalston,Postlewhite,Male,dalston@gmail.com,9643170550,Dalston123,Dalston123
764,Dolli,Crookes,Female,dolli@gmail.com,8003518117,Dolli123,Dolli123
765,Emiline,Whybray,Female,emiline@gmail.com,9526788276,Emiline123,Emiline123
766,Rockie,Schubert,Male,rockie@gmail.com,9281417390,Rockie123,Rockie123
767,Abrahan,Anthonsen,Male,abrahan@gmail.com,9338541915,Abrahan123,Abrahan123
768,Annabelle,Lesor,Female,annabelle@gmail.com,9084387576,Annabelle123,Annabelle123
769,Hinda,Meekings,Female,hinda@gmail.com,7693827465,Hinda123,Hinda123
770,Pris,Tutton,Female,pris@gmail.com,8140482243,Pris123,Pris123
771,Marcelo,Adamsky,Male,marcelo@gmail.com,9773365755,Marcelo123,Marcelo123
772,Alma,Arnett,Female,alma@gmail.com,9429182701,Alma123,Alma123
773,Alia,Brader,Female,alia@gmail.com,7413769083,Alia123,Alia123
774,Westley,Haistwell,Male,westley@gmail.com,9344886154,Westley123,Westley123
775,Farrah,Reimer,Female,farrah@gmail.com,8246006111,Farrah123,Farrah123
776,Caryl,Petegre,Female,caryl@gmail.com,8538497387,Caryl123,Caryl123
777,Klarrisa,Whitloe,Female,klarrisa@gmail.com,9299993644,Klarrisa123,Klarrisa123
778,Gunar,Clulee,Male,gunar@gmail.com,9090136377,Gunar123,Gunar123
779,Daven,Wethered,Agender,daven@gmail.com,7193538585,Daven123,Daven123
780,Roxana,Ashall,Female,roxana@gmail.com,8351780462,Roxana123,Roxana123
781,Eal,McLleese,Male,eal@gmail.com,8663540113,Eal123,Eal123
782,Aldwin,Westmancoat,Male,aldwin@gmail.com,7801256252,Aldwin123,Aldwin123
783,Delilah,Lambersen,Female,delilah@gmail.com,8965167206,Delilah123,Delilah123
784,Eleanora,Conman,Genderqueer,eleanora@gmail.com,9776190854,Eleanora123,Eleanora123
785,Arty,Skep,Male,arty@gmail.com,7919782328,Arty123,Arty123
786,Perla,Denmead,Female,perla@gmail.com,8665027210,Perla123,Perla123
787,Norri,Dallewater,Female,norri@gmail.com,9208870548,Norri123,Norri123
788,Kylie,Juan,Male,kylie@gmail.com,7838172050,Kylie123,Kylie123
789,Gannie,Werner,Non-binary,gannie@gmail.com,7273176081,Gannie123,Gannie123
790,Ursala,Esplin,Female,ursala@gmail.com,9287608220,Ursala123,Ursala123
791,Jory,Wharf,Genderqueer,jory@gmail.com,8817851658,Jory123,Jory123
792,Winfred,Klaesson,Male,winfred@gmail.com,7727418906,Winfred123,Winfred123
793,Betta,Mothersdale,Female,betta@gmail.com,7959777348,Betta123,Betta123
794,Jemmy,Ojeda,Female,jemmy@gmail.com,9420678923,Jemmy123,Jemmy123
795,Waylin,Eskell,Male,waylin@gmail.com,8738190208,Waylin123,Waylin123
796,Emelina,Straffon,Female,emelina@gmail.com,7104890943,Emelina123,Emelina123
797,Lon,Cowper,Male,lon@gmail.com,9817735125,Lon123,Lon123
798,Simonne,Garfitt,Female,simonne@gmail.com,7354739287,Simonne123,Simonne123
799,Tracy,Chappell,Female,tracy@gmail.com,8891204161,Tracy123,Tracy123
800,Amelita,Theobalds,Female,amelita@gmail.com,9082761173,Amelita123,Amelita123
801,Aubrie,Cathesyed,Female,aubrie@gmail.com,8878379217,Aubrie123,Aubrie123
802,Kale,Stribling,Male,kale@gmail.com,9531934501,Kale123,Kale123
803,Georgie,Tille,Male,georgie@gmail.com,8008684431,Georgie123,Georgie123
804,Milo,Pierri,Male,milo@gmail.com,9457011283,Milo123,Milo123
805,Andeee,Bishop,Bigender,andeee@gmail.com,8768941773,Andeee123,Andeee123
806,Hakim,Casper,Male,hakim@gmail.com,9248776731,Hakim123,Hakim123
807,Zeb,Beddingham,Male,zeb@gmail.com,9327472968,Zeb123,Zeb123
808,Stephanie,Immings,Female,stephanie@gmail.com,7877140360,Stephanie123,Stephanie123
809,Jaclyn,Scouler,Female,jaclyn@gmail.com,8885715678,Jaclyn123,Jaclyn123
810,Chalmers,Cockshot,Male,chalmers@gmail.com,9543556881,Chalmers123,Chalmers123
811,Theresa,Fenemore,Female,theresa@gmail.com,7455967407,Theresa123,Theresa123
812,Pammie,Case,Female,pammie@gmail.com,7263777886,Pammie123,Pammie123
813,Erik,Pickworth,Male,erik@gmail.com,8610091496,Erik123,Erik123
814,Hagan,Insko,Male,hagan@gmail.com,7623649629,Hagan123,Hagan123
815,Petra,Muddiman,Female,petra@gmail.com,7543426252,Petra123,Petra123
816,Lyssa,Collinette,Female,lyssa@gmail.com,7540077121,Lyssa123,Lyssa123
817,Dud,Smeeth,Male,dud@gmail.com,7971397557,Dud123,Dud123
818,Leonhard,Hargerie,Polygender,leonhard@gmail.com,9093666756,Leonhard123,Leonhard123
819,Minda,Chellenham,Female,minda@gmail.com,8982320417,Minda123,Minda123
820,Frasco,Kohn,Male,frasco@gmail.com,9763531480,Frasco123,Frasco123
821,Phillip,McPhelimey,Male,phillip@gmail.com,8748610484,Phillip123,Phillip123
822,Tatiania,Faber,Agender,tatiania@gmail.com,7175771364,Tatiania123,Tatiania123
823,Sonja,Dullaghan,Female,sonja@gmail.com,9882403816,Sonja123,Sonja123
824,Linzy,Lowen,Bigender,linzy@gmail.com,8980933510,Linzy123,Linzy123
825,Stefano,Lethby,Male,stefano@gmail.com,8455362077,Stefano123,Stefano123
826,Loralyn,Delos,Female,loralyn@gmail.com,9269717438,Loralyn123,Loralyn123
827,Shaine,Van Der Straaten,Male,shaine@gmail.com,8978740832,Shaine123,Shaine123
828,Alix,Fay,Male,alix@gmail.com,8026981699,Alix123,Alix123
829,Fredra,Frane,Female,fredra@gmail.com,9471698840,Fredra123,Fredra123
830,Grenville,Smyth,Male,grenville@gmail.com,7825189314,Grenville123,Grenville123
831,Enrico,Gosford,Male,enrico@gmail.com,7233441960,Enrico123,Enrico123
832,Rourke,Shipsey,Male,rourke@gmail.com,8075656678,Rourke123,Rourke123
833,Worthy,Wison,Male,worthy@gmail.com,8448742853,Worthy123,Worthy123
834,Andres,Buckeridge,Male,andres@gmail.com,8013498095,Andres123,Andres123
835,Kippie,Holdin,Male,kippie@gmail.com,8248227419,Kippie123,Kippie123
836,Bella,Balffye,Female,bella@gmail.com,7877490226,Bella123,Bella123
837,Clemmie,Bowyer,Male,clemmie@gmail.com,8040014405,Clemmie123,Clemmie123
838,Bay,Wilcox,Male,bay@gmail.com,7899790539,Bay123,Bay123
839,Daffi,De Rye Barrett,Female,daffi@gmail.com,9236077546,Daffi123,Daffi123
840,Adela,Domleo,Female,adela@gmail.com,8947772068,Adela123,Adela123
841,Delphine,Defau,Genderfluid,delphine@gmail.com,7124107486,Delphine123,Delphine123
842,Griselda,Musico,Female,griselda@gmail.com,8127357268,Griselda123,Griselda123
843,Donn,Huby,Male,donn@gmail.com,8797269937,Donn123,Donn123
844,Hymie,Moorman,Male,hymie@gmail.com,7790008566,Hymie123,Hymie123
845,Brendin,Lemonby,Male,brendin@gmail.com,8883736616,Brendin123,Brendin123
846,Angelita,Eliassen,Female,angelita@gmail.com,7381141422,Angelita123,Angelita123
847,Granger,Magnus,Male,granger@gmail.com,8619771615,Granger123,Granger123
848,Brew,Lorimer,Male,brew@gmail.com,9727175503,Brew123,Brew123
849,Ninette,Swannick,Female,ninette@gmail.com,9863900947,Ninette123,Ninette123
850,Terrye,Hamerton,Female,terrye@gmail.com,7033842851,Terrye123,Terrye123
851,Bucky,Witheford,Male,bucky@gmail.com,8119481884,Bucky123,Bucky123
852,Alane,Lundon,Genderqueer,alane@gmail.com,8593800610,Alane123,Alane123
853,Marjorie,Enos,Female,marjorie@gmail.com,8875775031,Marjorie123,Marjorie123
854,Locke,Gepp,Male,locke@gmail.com,7735750127,Locke123,Locke123
855,Land,McEntee,Male,land@gmail.com,9979204701,Land123,Land123
856,Ebenezer,Ballintime,Male,ebenezer@gmail.com,8540667343,Ebenezer123,Ebenezer123
857,Claudian,Libbey,Male,claudian@gmail.com,8974306176,Claudian123,Claudian123
858,Mile,Boath,Male,mile@gmail.com,7963770214,Mile123,Mile123
859,Daryle,Burnhams,Male,daryle@gmail.com,9684257268,Daryle123,Daryle123
860,Doralia,Dahlback,Polygender,doralia@gmail.com,9075516861,Doralia123,Doralia123
861,Candie,Elrick,Female,candie@gmail.com,7152423538,Candie123,Candie123
862,Lorry,Mattinson,Male,lorry@gmail.com,9335487482,Lorry123,Lorry123
863,Janean,Mannooch,Female,janean@gmail.com,8221816321,Janean123,Janean123
864,Minnaminnie,Petera,Female,minnaminnie@gmail.com,8382601920,Minnaminnie123,Minnaminnie123
865,Meghan,De Zuani,Female,meghan@gmail.com,7118415443,Meghan123,Meghan123
866,Morten,Mulran,Male,morten@gmail.com,8988216059,Morten123,Morten123
867,Jarred,Nulty,Male,jarred@gmail.com,8983987206,Jarred123,Jarred123
868,Hartwell,Denney,Male,hartwell@gmail.com,9898325878,Hartwell123,Hartwell123
869,Cass,Leavesley,Female,cass@gmail.com,7658076803,Cass123,Cass123
870,Fritz,Doran,Male,fritz@gmail.com,9597034536,Fritz123,Fritz123
871,Arvy,Korfmann,Male,arvy@gmail.com,7444125842,Arvy123,Arvy123
872,Beatrisa,Bindin,Female,beatrisa@gmail.com,9060046701,Beatrisa123,Beatrisa123
873,Mitchel,Dench,Male,mitchel@gmail.com,7768730024,Mitchel123,Mitchel123
874,Crissie,Blowers,Female,crissie@gmail.com,7986032716,Crissie123,Crissie123
875,Mathew,Haughey,Bigender,mathew@gmail.com,7273042150,Mathew123,Mathew123
876,Lodovico,Portman,Male,lodovico@gmail.com,8777952342,Lodovico123,Lodovico123
877,Erena,Jeanesson,Female,erena@gmail.com,8933022961,Erena123,Erena123
878,Tania,Sidworth,Female,tania@gmail.com,7396254896,Tania123,Tania123
879,Seana,Wolfart,Female,seana@gmail.com,7682184902,Seana123,Seana123
880,Rianon,Burlingame,Female,rianon@gmail.com,8888727661,Rianon123,Rianon123
881,Sigfrid,O' Brian,Male,sigfrid@gmail.com,8372552713,Sigfrid123,Sigfrid123
882,Burnard,Laise,Genderfluid,burnard@gmail.com,9734792518,Burnard123,Burnard123
883,Deonne,McCome,Female,deonne@gmail.com,7457663005,Deonne123,Deonne123
884,Alexandro,Heifer,Bigender,alexandro@gmail.com,8754899222,Alexandro123,Alexandro123
885,Fred,Savary,Female,fred@gmail.com,9726851108,Fred123,Fred123
886,Jada,MacAless,Female,jada@gmail.com,8457700151,Jada123,Jada123
887,Murial,Taberner,Female,murial@gmail.com,8810087981,Murial123,Murial123
888,Yoshi,Elven,Non-binary,yoshi@gmail.com,9763230294,Yoshi123,Yoshi123
889,Aleen,Stuffins,Female,aleen@gmail.com,9350702225,Aleen123,Aleen123
890,Dixie,Wayper,Female,dixie@gmail.com,9294818288,Dixie123,Dixie123
891,Coral,Stirrip,Female,coral@gmail.com,8529794397,Coral123,Coral123
892,Scarface,Eberle,Male,scarface@gmail.com,7237575067,Scarface123,Scarface123
893,Cally,Search,Female,cally@gmail.com,8849886050,Cally123,Cally123
894,Marion,Heineke,Female,marion@gmail.com,8707172843,Marion123,Marion123
895,Ana,Harsant,Female,ana@gmail.com,7323622099,Ana123,Ana123
896,Faythe,Glanville,Polygender,faythe@gmail.com,9305989019,Faythe123,Faythe123
897,Laryssa,Tawn,Female,laryssa@gmail.com,8950959633,Laryssa123,Laryssa123
898,Dalt,Aspinal,Male,dalt@gmail.com,8965650236,Dalt123,Dalt123
899,Betteann,Venning,Female,betteann@gmail.com,7732389389,Betteann123,Betteann123
900,Willie,Bartoszewicz,Female,willie@gmail.com,7601891353,Willie123,Willie123
901,Gabriellia,Campaigne,Female,gabriellia@gmail.com,7074905392,Gabriellia123,Gabriellia123
902,Roxi,Halloway,Female,roxi@gmail.com,7985740980,Roxi123,Roxi123
903,Isiahi,Volonte,Male,isiahi@gmail.com,7039312535,Isiahi123,Isiahi123
904,Victoria,Sawart,Female,victoria@gmail.com,8589947950,Victoria123,Victoria123
905,Ganny,Reeme,Male,ganny@gmail.com,7246510012,Ganny123,Ganny123
906,Vale,Dreher,Male,vale@gmail.com,8637359687,Vale123,Vale123
907,Mercie,Gerrad,Female,mercie@gmail.com,7322572865,Mercie123,Mercie123
908,Angelico,Sproston,Agender,angelico@gmail.com,7457108091,Angelico123,Angelico123
909,Isidora,Hamberston,Female,isidora@gmail.com,7474193949,Isidora123,Isidora123
910,Elvin,Perse,Genderqueer,elvin@gmail.com,8278628195,Elvin123,Elvin123
911,Joela,Lettley,Genderfluid,joela@gmail.com,8556054352,Joela123,Joela123
912,Guthry,Jedrys,Male,guthry@gmail.com,8903850360,Guthry123,Guthry123
913,Kippar,Sunnex,Male,kippar@gmail.com,8672654945,Kippar123,Kippar123
914,Nicko,Delahunt,Bigender,nicko@gmail.com,7967377822,Nicko123,Nicko123
915,Silvio,Kimblin,Male,silvio@gmail.com,9082811191,Silvio123,Silvio123
916,Millie,Skellon,Female,millie@gmail.com,7904390561,Millie123,Millie123
917,Danika,Thoms,Female,danika@gmail.com,8443333115,Danika123,Danika123
918,Rockey,Pere,Male,rockey@gmail.com,8008457612,Rockey123,Rockey123
919,Nessie,Dailey,Female,nessie@gmail.com,8722303369,Nessie123,Nessie123
920,Rachele,Fassbindler,Female,rachele@gmail.com,8328180905,Rachele123,Rachele123
921,Lynne,Poole,Female,lynne@gmail.com,8364144187,Lynne123,Lynne123
922,Helli,Djokic,Female,helli@gmail.com,9110491950,Helli123,Helli123
923,Royce,Matushevich,Male,royce@gmail.com,9758997997,Royce123,Royce123
924,Marmaduke,Aspinal,Male,marmaduke@gmail.com,7314523325,Marmaduke123,Marmaduke123
925,Terrijo,Easey,Female,terrijo@gmail.com,9978395142,Terrijo123,Terrijo123
926,Bryon,Paroni,Male,bryon@gmail.com,7290119340,Bryon123,Bryon123
927,Glori,Rowth,Female,glori@gmail.com,9813430594,Glori123,Glori123
928,Germain,Ericsson,Male,germain@gmail.com,7094122648,Germain123,Germain123
929,Gisella,Birchill,Female,gisella@gmail.com,8264848446,Gisella123,Gisella123
930,Elissa,Ovell,Bigender,elissa@gmail.com,9518060141,Elissa123,Elissa123
931,Patrick,Verden,Male,patrick@gmail.com,7629427981,Patrick123,Patrick123
932,Egan,Nortcliffe,Male,egan@gmail.com,9938445752,Egan123,Egan123
933,Wain,Linwood,Male,wain@gmail.com,8388645321,Wain123,Wain123
934,Henrietta,Weber,Female,henrietta@gmail.com,9428601890,Henrietta123,Henrietta123
935,Conni,Hawkshaw,Female,conni@gmail.com,7963993988,Conni123,Conni123
936,Morrie,Zini,Male,morrie@gmail.com,9981768782,Morrie123,Morrie123
937,Antoinette,Shrimpton,Female,antoinette@gmail.com,8545615203,Antoinette123,Antoinette123
938,Briggs,Akehurst,Male,briggs@gmail.com,8324241808,Briggs123,Briggs123
939,Alphard,Southward,Male,alphard@gmail.com,7931919155,Alphard123,Alphard123
940,Amandi,Abercromby,Female,amandi@gmail.com,7942398395,Amandi123,Amandi123
941,Damien,Coomes,Non-binary,damien@gmail.com,8926994169,Damien123,Damien123
942,Hakim,Steven,Male,hakim@gmail.com,7056255504,Hakim123,Hakim123
943,Paul,Nisbith,Male,paul@gmail.com,7616875228,Paul123,Paul123
944,Berti,Chilver,Female,berti@gmail.com,9610949750,Berti123,Berti123
945,Ambrosius,Boothroyd,Male,ambrosius@gmail.com,7467752749,Ambrosius123,Ambrosius123
946,Viv,Highway,Female,viv@gmail.com,7051446729,Viv123,Viv123
947,Petrina,Duberry,Female,petrina@gmail.com,9304371215,Petrina123,Petrina123
948,Lian,Abels,Female,lian@gmail.com,7413965333,Lian123,Lian123
949,Payton,Trunchion,Male,payton@gmail.com,8808593970,Payton123,Payton123
950,Doris,Cudd,Bigender,doris@gmail.com,8996483721,Doris123,Doris123
951,Hube,Topley,Male,hube@gmail.com,8312705819,Hube123,Hube123
952,Stern,Pickerill,Male,stern@gmail.com,9425208009,Stern123,Stern123
953,Selie,Salzberg,Female,selie@gmail.com,9619210748,Selie123,Selie123
954,Merrielle,Smalcombe,Female,merrielle@gmail.com,8933764558,Merrielle123,Merrielle123
955,Agatha,Swinyard,Female,agatha@gmail.com,9695326815,Agatha123,Agatha123
956,Pegeen,Becarra,Female,pegeen@gmail.com,8504075029,Pegeen123,Pegeen123
957,Antons,Nuss,Male,antons@gmail.com,9138013686,Antons123,Antons123
958,Kori,Rushbrooke,Female,kori@gmail.com,7957882508,Kori123,Kori123
959,Giffy,Jizhaki,Male,giffy@gmail.com,9227478871,Giffy123,Giffy123
960,Theresa,Ettridge,Non-binary,theresa@gmail.com,9954743629,Theresa123,Theresa123
961,Paulie,Bispham,Male,paulie@gmail.com,8202431532,Paulie123,Paulie123
962,Dot,Deards,Female,dot@gmail.com,9251660328,Dot123,Dot123
963,Ivan,Joderli,Male,ivan@gmail.com,8961094976,Ivan123,Ivan123
964,Rutger,Craythorn,Male,rutger@gmail.com,7268282209,Rutger123,Rutger123
965,Gabi,Matusevich,Male,gabi@gmail.com,8551365477,Gabi123,Gabi123
966,Aldous,Briscoe,Male,aldous@gmail.com,7566094508,Aldous123,Aldous123
967,Klemens,Croce,Male,klemens@gmail.com,8181188982,Klemens123,Klemens123
968,Angelica,Patmore,Female,angelica@gmail.com,9155118670,Angelica123,Angelica123
969,Brigid,Durrand,Female,brigid@gmail.com,7898041967,Brigid123,Brigid123
970,Teodoor,Paylor,Male,teodoor@gmail.com,8287983205,Teodoor123,Teodoor123
971,Biddie,Coucha,Female,biddie@gmail.com,9738327823,Biddie123,Biddie123
972,Jehanna,Woollard,Female,jehanna@gmail.com,9790485317,Jehanna123,Jehanna123
973,Aldis,Mellhuish,Male,aldis@gmail.com,8754915363,Aldis123,Aldis123
974,Joya,McQuaker,Female,joya@gmail.com,9694739032,Joya123,Joya123
975,Korrie,Ikin,Female,korrie@gmail.com,9430154367,Korrie123,Korrie123
976,Shelden,Marconi,Male,shelden@gmail.com,8141722549,Shelden123,Shelden123
977,Cletis,Boddymead,Male,cletis@gmail.com,9646348781,Cletis123,Cletis123
978,Astra,Hurtado,Female,astra@gmail.com,7576901843,Astra123,Astra123
979,Durward,Henstone,Male,durward@gmail.com,8794607657,Durward123,Durward123
980,Adda,Kitchenham,Female,adda@gmail.com,8906301394,Adda123,Adda123
981,Nicolette,Zorzenoni,Female,nicolette@gmail.com,7036606007,Nicolette123,Nicolette123
982,Annmaria,Bamford,Female,annmaria@gmail.com,9819856292,Annmaria123,Annmaria123
983,Avram,Letertre,Male,avram@gmail.com,8378718935,Avram123,Avram123
984,Udale,Aspel,Male,udale@gmail.com,7730669267,Udale123,Udale123
985,Chandal,Hadenton,Female,chandal@gmail.com,9597408612,Chandal123,Chandal123
986,Dew,Izakoff,Male,dew@gmail.com,7169821720,Dew123,Dew123
987,Malorie,Belvin,Female,malorie@gmail.com,7200422662,Malorie123,Malorie123
988,Editha,Kleinert,Female,editha@gmail.com,8162487042,Editha123,Editha123
989,Richmound,Muir,Male,richmound@gmail.com,8910259486,Richmound123,Richmound123
990,Idalina,Creser,Female,idalina@gmail.com,8443526461,Idalina123,Idalina123
991,Gran,Bandt,Male,gran@gmail.com,9513809504,Gran123,Gran123
992,Irvine,Shinton,Male,irvine@gmail.com,7847680590,Irvine123,Irvine123
993,Nat,Jaquiss,Male,nat@gmail.com,9634531600,Nat123,Nat123
994,Simeon,McGaugey,Male,simeon@gmail.com,9234179457,Simeon123,Simeon123
995,Ari,Alvarez,Male,ari@gmail.com,9852690568,Ari123,Ari123
996,Geralda,Puddifer,Female,geralda@gmail.com,7774470270,Geralda123,Geralda123
997,Nessa,Prestwich,Female,nessa@gmail.com,8435115504,Nessa123,Nessa123
998,Hestia,Escolme,Female,hestia@gmail.com,7880447865,Hestia123,Hestia123
999,Sibylle,Saleway,Female,sibylle@gmail.com,9385048911,Sibylle123,Sibylle123
1000,Nathan,Meller,Male,nathan@gmail.com,9688912556,Nathan123,Nathan123
1001,Concettina,Tassell,Non-binary,concettina@gmail.com,9805865535,Concettina123,Concettina123
1002,Flora,Corkill,Bigender,flora@gmail.com,9332937794,Flora123,Flora123
1003,Gertie,Moles,Female,gertie@gmail.com,9980229614,Gertie123,Gertie123
1004,Josephina,Copeland,Female,josephina@gmail.com,8694446163,Josephina123,Josephina123
1005,Sigmund,Grieve,Male,sigmund@gmail.com,9824531025,Sigmund123,Sigmund123
1006,Randie,Brookz,Male,randie@gmail.com,9054509366,Randie123,Randie123
1007,Annamarie,Werner,Female,annamarie@gmail.com,7286751557,Annamarie123,Annamarie123
1008,Lida,Tofanini,Female,lida@gmail.com,7824599280,Lida123,Lida123
1009,Karel,Westbury,Female,karel@gmail.com,8699598337,Karel123,Karel123
1010,Brooks,Renish,Male,brooks@gmail.com,7324413505,Brooks123,Brooks123
1011,Chariot,Danilchik,Male,chariot@gmail.com,7420219940,Chariot123,Chariot123
1012,Dimitri,Agnolo,Bigender,dimitri@gmail.com,9653546404,Dimitri123,Dimitri123
1013,Shepard,Gromley,Male,shepard@gmail.com,+55 801 513 3922,Shepard123,Shepard123
